,Holder,Shares,Date Reported,% Out,Value,Ticker,%Shares
0,"Vanguard Group, Inc. (The)",97500198,2021-06-29,0.08039999999999999,9158193598,AMD,22.0
1,Blackrock Inc.,85529419,2021-06-29,0.0705,8033778326,AMD,19.0
2,State Street Corporation,43978929,2021-06-29,0.0363,4130940800,AMD,10.0
3,Price (T.Rowe) Associates Inc,42699742,2021-06-29,0.0352,4010786766,AMD,9.0
4,Capital World Investors,41061159,2021-06-29,0.0339,3856874664,AMD,9.0
5,JP Morgan Chase & Company,34559339,2021-06-29,0.0285,3246158712,AMD,8.0
6,"FMR, LLC",30750462,2021-06-29,0.0254,2888390895,AMD,7.0
7,"Wellington Management Group, LLP",24076572,2021-06-29,0.019799999999999998,2261512407,AMD,5.0
8,"Geode Capital Management, LLC",18814414,2021-06-29,0.0155,1767237907,AMD,4.0
9,Artisan Partners Limited Partnership,12858635,2021-06-29,0.0106,1207811585,AMD,2.0
0,"Vanguard Group, Inc. (The)",38170875,2021-06-29,0.0801,22354391235,ADBE,23.0
1,Blackrock Inc.,35552254,2021-06-29,0.0746,20820822032,ADBE,22.0
2,"FMR, LLC",23568183,2021-06-29,0.0495,13802470692,ADBE,14.0
3,State Street Corporation,18951950,2021-06-29,0.0398,11099019998,ADBE,11.0
4,Bank Of New York Mellon Corporation,8545011,2021-06-29,0.0179,5004300242,ADBE,5.0
5,"Geode Capital Management, LLC",8253684,2021-06-29,0.0173,4833687497,ADBE,5.0
6,Primecap Management Company,7323998,2021-06-29,0.0154,4289226188,ADBE,4.0
7,Morgan Stanley,7026969,2021-06-29,0.0148,4115274125,ADBE,4.0
8,Janus Henderson Group PLC,6983328,2021-06-29,0.0147,4089716209,ADBE,4.0
9,Jennison Associates LLC,6639024,2021-06-29,0.0139,3888078015,ADBE,4.0
0,"Vanguard Group, Inc. (The)",6821063,2021-06-29,0.0863,4167669493,ALGN,21.0
1,Blackrock Inc.,5574652,2021-06-29,0.0706,3406112372,ALGN,17.0
2,Edgewood Management Company,4473101,2021-06-29,0.056600000000000004,2733064711,ALGN,14.0
3,State Street Corporation,2979824,2021-06-29,0.0377,1820672464,ALGN,9.0
4,"Sands Capital Management, LLC",2889769,2021-06-29,0.0366,1765648859,ALGN,9.0
5,"Wellington Management Group, LLP",1887363,2021-06-29,0.0239,1153178793,ALGN,6.0
6,JP Morgan Chase & Company,1675402,2021-06-29,0.0212,1023670622,ALGN,5.0
7,"AllianceBernstein, L.P.",1654546,2021-06-29,0.0209,1010927606,ALGN,5.0
8,"Polen Capital Management, LLC",1634605,2021-06-29,0.0207,998743655,ALGN,5.0
9,Janus Henderson Group PLC,1462123,2021-06-29,0.018500000000000003,893357153,ALGN,4.0
0,"Vanguard Group, Inc. (The)",32727219,2021-06-29,0.0646,112586869715,AMZN,24.0
1,Blackrock Inc.,27547904,2021-06-29,0.054400000000000004,94769197424,AMZN,20.0
2,Price (T.Rowe) Associates Inc,16173783,2021-06-29,0.0319,55640401325,AMZN,12.0
3,State Street Corporation,15963398,2021-06-29,0.0315,54916643263,AMZN,11.0
4,"FMR, LLC",15446833,2021-06-29,0.0305,53139577013,AMZN,11.0
5,"Geode Capital Management, LLC",6749351,2021-06-29,0.013300000000000001,23218847336,AMZN,5.0
6,Morgan Stanley,5148390,2021-06-29,0.0102,17711285342,AMZN,3.0
7,Northern Trust Corporation,4840325,2021-06-29,0.0096,16651492452,AMZN,3.0
8,Norges Bank Investment Management,4567893,2020-12-30,0.009000000000000001,14877307748,AMZN,3.0
9,JP Morgan Chase & Company,4491718,2021-06-29,0.0089,15452228594,AMZN,3.0
0,Blackrock Inc.,47824902,2021-06-29,0.0842,11657319862,AMGN,22.0
1,"Vanguard Group, Inc. (The)",47110872,2021-06-29,0.083,11483275050,AMGN,21.0
2,State Street Corporation,29931381,2021-06-29,0.0527,7295774118,AMGN,13.0
3,Capital Research Global Investors,29310617,2021-06-29,0.0516,7144462893,AMGN,13.0
4,Primecap Management Company,16249072,2021-06-29,0.0286,3960711300,AMGN,7.0
5,"FMR, LLC",10890259,2021-06-29,0.0192,2654500631,AMGN,5.0
6,Morgan Stanley,10040932,2021-06-29,0.0177,2447477175,AMGN,4.0
7,"Geode Capital Management, LLC",9994174,2021-06-29,0.0176,2436079912,AMGN,4.0
8,Northern Trust Corporation,7579004,2021-06-29,0.013300000000000001,1847382225,AMGN,3.0
9,"Charles Schwab Investment Management, Inc.",7242037,2021-06-29,0.0128,1765246518,AMGN,3.0
0,"Vanguard Group, Inc. (The)",41511648,2021-06-29,0.0837,3511470304,AEP,22.0
1,Blackrock Inc.,37981281,2021-06-29,0.0766,3212836559,AEP,20.0
2,State Street Corporation,24396878,2021-06-29,0.0492,2063731910,AEP,12.0
3,Price (T.Rowe) Associates Inc,23153653,2021-06-29,0.0467,1958567507,AEP,12.0
4,"Wellington Management Group, LLP",13967629,2021-06-29,0.0282,1181521737,AEP,7.0
5,"Franklin Resources, Inc.",13044280,2021-06-29,0.0263,1103415645,AEP,6.0
6,Massachusetts Financial Services Co.,10067817,2021-06-29,0.0203,851636640,AEP,5.0
7,Capital Research Global Investors,8110447,2021-06-29,0.0163,686062711,AEP,4.0
8,"Ameriprise Financial, Inc.",8081026,2021-06-29,0.0163,683573989,AEP,4.0
9,Wells Fargo & Company,7853372,2021-06-29,0.0158,664316737,AEP,4.0
0,JP Morgan Chase & Company,33344669,2021-06-29,0.0906,5740618215,ADI,20.0
1,"Vanguard Group, Inc. (The)",31268828,2021-06-29,0.0849,5383241428,ADI,19.0
2,Blackrock Inc.,29504139,2021-06-29,0.0801,5079432570,ADI,18.0
3,State Street Corporation,12746257,2021-06-29,0.0346,2194395605,ADI,7.0
4,Massachusetts Financial Services Co.,11105509,2021-06-29,0.0302,1911924429,ADI,6.0
5,"FMR, LLC",10306157,2021-06-29,0.027999999999999997,1774307989,ADI,6.0
6,"Franklin Resources, Inc.",9209103,2021-06-29,0.025,1585439172,ADI,5.0
7,Wells Fargo & Company,8813013,2021-06-29,0.0239,1517248318,ADI,5.0
8,Lazard Asset Management LLC,8079956,2021-06-29,0.0219,1391045224,ADI,5.0
9,"Ameriprise Financial, Inc.",6057370,2021-06-29,0.0165,1042836819,ADI,3.0
0,"Vanguard Group, Inc. (The)",9312427,2021-06-29,0.1067,3231970914,ANSS,25.0
1,Blackrock Inc.,7316498,2021-06-29,0.0839,2539263795,ANSS,19.0
2,"Aristotle Capital Management, LLC",4466626,2021-06-29,0.0512,1550187219,ANSS,12.0
3,State Street Corporation,3396576,2021-06-29,0.038900000000000004,1178815666,ANSS,9.0
4,"FMR, LLC",2793476,2021-06-29,0.032,969503780,ANSS,7.0
5,Massachusetts Financial Services Co.,2705644,2021-06-29,0.031,939020806,ANSS,7.0
6,BAMCO Inc.,2138061,2021-06-29,0.0245,742035450,ANSS,5.0
7,"Principal Financial Group, Inc.",1589977,2021-06-29,0.0182,551817417,ANSS,4.0
8,"Geode Capital Management, LLC",1548271,2021-06-29,0.0177,537342933,ANSS,4.0
9,Ownership Capital B.V.,1414795,2021-06-29,0.016200000000000003,491018752,ANSS,3.0
0,"Vanguard Group, Inc. (The)",1264936543,2021-06-29,0.0765,173245708929,AAPL,24.0
1,Blackrock Inc.,1028698316,2021-06-29,0.0622,140890521359,AAPL,20.0
2,"Berkshire Hathaway, Inc",887135554,2021-06-29,0.0537,121502085475,AAPL,17.0
3,State Street Corporation,622579947,2021-06-29,0.0377,85268549541,AAPL,12.0
4,"FMR, LLC",350462986,2021-06-29,0.0212,47999410562,AAPL,6.0
5,"Geode Capital Management, LLC",254162496,2021-06-29,0.0154,34810095452,AAPL,4.0
6,Northern Trust Corporation,193253001,2021-06-29,0.011699999999999999,26467931016,AAPL,3.0
7,Price (T.Rowe) Associates Inc,192697039,2021-06-29,0.011699999999999999,26391786461,AAPL,3.0
8,Norges Bank Investment Management,167580974,2020-12-30,0.0101,22236319440,AAPL,3.0
9,Bank Of New York Mellon Corporation,153929495,2021-06-29,0.009300000000000001,21082183635,AAPL,3.0
0,"Vanguard Group, Inc. (The)",73525390,2021-06-29,0.0814,10470015536,AMAT,22.0
1,Blackrock Inc.,73481107,2021-06-29,0.0814,10463709636,AMAT,22.0
2,State Street Corporation,40213269,2021-06-29,0.044500000000000005,5726369505,AMAT,12.0
3,Price (T.Rowe) Associates Inc,28102544,2021-06-29,0.0311,4001802265,AMAT,8.0
4,Capital World Investors,25351472,2021-06-29,0.0281,3610049612,AMAT,7.0
5,"FMR, LLC",21693309,2021-06-29,0.024,3089127201,AMAT,6.0
6,Capital International Investors,18742933,2021-06-29,0.0208,2668993659,AMAT,5.0
7,Invesco Ltd.,15658207,2021-06-29,0.0173,2229728676,AMAT,4.0
8,"Geode Capital Management, LLC",14995325,2021-06-29,0.0166,2135334280,AMAT,4.0
9,Bank Of New York Mellon Corporation,14325733,2021-06-29,0.0159,2039984379,AMAT,4.0
0,Price (T.Rowe) Associates Inc,12022686,2021-06-29,0.0291,8305752396,ASML,26.0
1,Capital World Investors,7245760,2021-06-29,0.0175,5005660838,ASML,15.0
2,Capital International Investors,5090260,2021-06-29,0.0123,3516555218,ASML,11.0
3,"Fisher Asset Management, LLC",4053363,2021-06-29,0.0098,2800225294,ASML,8.0
4,"FMR, LLC",3636257,2021-06-29,0.0088,2512071785,ASML,7.0
5,"WCM Investment Management, LLC",3607896,2021-06-29,0.0087,2492478872,ASML,7.0
6,State Farm Mutual Automobile Insurance Co,3245079,2021-06-29,0.0079,2241830376,ASML,7.0
7,JP Morgan Chase & Company,2605518,2021-06-29,0.0063,1799996055,ASML,5.0
8,"Sands Capital Management, LLC",2390899,2021-06-29,0.0058,1651728665,ASML,5.0
9,Blackrock Inc.,1879504,2021-06-29,0.0045000000000000005,1298436543,ASML,4.0
0,Price (T.Rowe) Associates Inc,15713335,2021-06-29,0.1144,4036127228,TEAM,24.0
1,Capital Research Global Investors,7494322,2021-06-29,0.0546,1924991548,TEAM,11.0
2,Jennison Associates LLC,6894373,2021-06-29,0.050199999999999995,1770888648,TEAM,10.0
3,Baillie Gifford and Company,5944860,2021-06-29,0.0433,1526996739,TEAM,9.0
4,"Sands Capital Management, LLC",5661536,2021-06-29,0.0412,1454222136,TEAM,8.0
5,"FMR, LLC",5446015,2021-06-29,0.0397,1398863412,TEAM,8.0
6,Artisan Partners Limited Partnership,5233001,2021-06-29,0.0381,1344148636,TEAM,8.0
7,Blackrock Inc.,4012513,2021-06-29,0.0292,1030654089,TEAM,6.0
8,"ClearBridge Investments, LLC",3708807,2021-06-29,0.027000000000000003,952644166,TEAM,5.0
9,"Renaissance Technologies, LLC",3293360,2021-06-29,0.024,845932449,TEAM,5.0
0,"Vanguard Group, Inc. (The)",37963373,2021-06-29,0.0898,7540285145,ADP,24.0
1,Blackrock Inc.,30402809,2021-06-29,0.0719,6038605923,ADP,19.0
2,State Street Corporation,18121048,2021-06-29,0.0429,3599202553,ADP,11.0
3,Morgan Stanley,13906949,2021-06-29,0.0329,2762198210,ADP,8.0
4,Bank Of New York Mellon Corporation,12495538,2021-06-29,0.0296,2481863757,ADP,7.0
5,"AllianceBernstein, L.P.",10398132,2021-06-29,0.0246,2065276977,ADP,6.0
6,"Wellington Management Group, LLP",9918005,2021-06-29,0.0235,1969914153,ADP,6.0
7,Bank of America Corporation,8803088,2021-06-29,0.0208,1748469338,ADP,5.0
8,"Geode Capital Management, LLC",7925355,2021-06-29,0.0187,1574134010,ADP,5.0
9,Wells Fargo & Company,7778394,2021-06-29,0.0184,1544944616,ADP,4.0
0,Capital World Investors,39369326,2021-06-29,0.0956,18772869409,AVGO,19.0
1,"Vanguard Group, Inc. (The)",35753432,2021-06-29,0.08689999999999999,17048666514,AVGO,17.0
2,Capital International Investors,33942430,2021-06-29,0.0825,16185108321,AVGO,16.0
3,Blackrock Inc.,27045695,2021-06-29,0.06570000000000001,12896469203,AVGO,13.0
4,Capital Research Global Investors,26939294,2021-06-29,0.0654,12845732950,AVGO,13.0
5,State Street Corporation,15873523,2021-06-29,0.038599999999999995,7569130707,AVGO,7.0
6,Bank of America Corporation,8181822,2021-06-29,0.0199,3901420002,AVGO,3.0
7,"Ameriprise Financial, Inc.",6522304,2021-06-29,0.0158,3110095439,AVGO,3.0
8,"Geode Capital Management, LLC",6447493,2021-06-29,0.015700000000000002,3074422562,AVGO,3.0
9,Northern Trust Corporation,4704321,2021-06-29,0.011399999999999999,2243208425,AVGO,2.0
0,Blackrock Inc.,13442464,2021-06-29,0.047400000000000005,2740918409,BIDU,22.0
1,"Vanguard Group, Inc. (The)",9781178,2021-06-29,0.0345,1994382194,BIDU,16.0
2,Primecap Management Company,9495285,2021-06-29,0.0335,1936088611,BIDU,16.0
3,State Street Corporation,5468727,2021-06-29,0.019299999999999998,1115073435,BIDU,9.0
4,Dodge & Cox Inc,4697851,2021-06-29,0.0166,957891818,BIDU,7.0
5,Baillie Gifford and Company,3862845,2021-06-29,0.013600000000000001,787634095,BIDU,6.0
6,Price (T.Rowe) Associates Inc,3664710,2021-06-29,0.0129,747234369,BIDU,6.0
7,Norges Bank Investment Management,3513043,2020-12-30,0.0124,759660418,BIDU,5.0
8,Bank of Montreal/Can/,2816618,2021-06-29,0.009899999999999999,574308410,BIDU,4.0
9,"Goldman Sachs Group, Inc.",2557275,2021-06-29,0.009000000000000001,521428372,BIDU,4.0
0,Primecap Management Company,16458506,2021-06-29,0.1104,5699086872,BIIB,23.0
1,Blackrock Inc.,13206591,2021-06-29,0.0886,4573046265,BIIB,19.0
2,"Vanguard Group, Inc. (The)",11753333,2021-06-29,0.0789,4069826617,BIIB,16.0
3,State Street Corporation,6680040,2021-06-29,0.044800000000000006,2313097450,BIIB,9.0
4,"Wellington Management Group, LLP",5601861,2021-06-29,0.037599999999999995,1939756408,BIIB,8.0
5,JP Morgan Chase & Company,5354766,2021-06-29,0.0359,1854194822,BIIB,7.0
6,"ClearBridge Investments, LLC",3565112,2021-06-29,0.0239,1234491332,BIIB,5.0
7,"Geode Capital Management, LLC",2893750,2021-06-29,0.0194,1002018812,BIIB,4.0
8,Northern Trust Corporation,2067539,2021-06-29,0.0139,715926729,BIIB,2.0
9,Norges Bank Investment Management,1903653,2020-12-30,0.0128,466128473,BIIB,2.0
0,Capital Research Global Investors,22086389,2021-06-29,0.12050000000000001,1842888298,BMRN,19.0
1,Primecap Management Company,17953066,2021-06-29,0.09789999999999999,1498003827,BMRN,16.0
2,"Vanguard Group, Inc. (The)",16222594,2021-06-29,0.0885,1353613243,BMRN,14.0
3,Dodge & Cox Inc,14102097,2021-06-29,0.07690000000000001,1176678973,BMRN,12.0
4,Blackrock Inc.,12895568,2021-06-29,0.0703,1076006193,BMRN,11.0
5,"Baker Brothers Advisors, LLC",7589294,2021-06-29,0.0414,633250691,BMRN,6.0
6,"Ameriprise Financial, Inc.",6550249,2021-06-29,0.035699999999999996,546552776,BMRN,5.0
7,"ClearBridge Investments, LLC",5071303,2021-06-29,0.0277,423149522,BMRN,4.0
8,State Street Corporation,4907057,2021-06-29,0.0268,409444836,BMRN,4.0
9,Janus Henderson Group PLC,3954190,2021-06-29,0.0216,329937613,BMRN,3.0
0,"Vanguard Group, Inc. (The)",3117233,2021-06-29,0.0759,6820786354,BKNG,20.0
1,Blackrock Inc.,2619860,2021-06-29,0.0638,5732489467,BKNG,17.0
2,Price (T.Rowe) Associates Inc,1798527,2021-06-29,0.0438,3935338943,BKNG,12.0
3,State Street Corporation,1609044,2021-06-29,0.0392,3520733085,BKNG,10.0
4,Capital World Investors,1362637,2021-06-29,0.0332,2981572393,BKNG,9.0
5,JP Morgan Chase & Company,1169496,2021-06-29,0.0285,2558962502,BKNG,7.0
6,Dodge & Cox Inc,897297,2021-06-29,0.0219,1963366592,BKNG,6.0
7,Bank Of New York Mellon Corporation,856216,2021-06-29,0.0209,1873477667,BKNG,5.0
8,"FMR, LLC",753423,2021-06-29,0.0183,1648557332,BKNG,5.0
9,Invesco Ltd.,674702,2021-06-29,0.016399999999999998,1476308699,BKNG,4.0
0,"Vanguard Group, Inc. (The)",31519845,2021-06-29,0.1139,4312545192,CDNS,24.0
1,Blackrock Inc.,31137115,2021-06-29,0.1125,4260180074,CDNS,24.0
2,Massachusetts Financial Services Co.,21255638,2021-06-29,0.0768,2908196391,CDNS,16.0
3,State Street Corporation,11638264,2021-06-29,0.042,1592347280,CDNS,9.0
4,"FMR, LLC",9797196,2021-06-29,0.0354,1340452356,CDNS,7.0
5,Alkeon Capital Management LLC,5246983,2021-06-29,0.019,717892214,CDNS,4.0
6,"Geode Capital Management, LLC",5099173,2021-06-29,0.0184,697668849,CDNS,3.0
7,Parnassus Investments /ca,4948630,2021-06-29,0.0179,677071556,CDNS,3.0
8,Janus Henderson Group PLC,4142194,2021-06-29,0.015,566734983,CDNS,3.0
9,Pictet Asset Management Ltd,4039499,2021-06-29,0.0146,552684253,CDNS,3.0
0,"Vanguard Group, Inc. (The)",15887634,2021-06-29,0.11560000000000001,2774775278,CDW,25.0
1,Blackrock Inc.,9946476,2021-06-29,0.0723,1737152033,CDW,15.0
2,"Select Equity Group, Inc.",7535758,2021-06-29,0.0548,1316120134,CDW,12.0
3,"Wellington Management Group, LLP",6202559,2021-06-29,0.0451,1083276929,CDW,9.0
4,State Street Corporation,5370874,2021-06-29,0.0391,938023144,CDW,8.0
5,"AllianceBernstein, L.P.",4790634,2021-06-29,0.0348,836684228,CDW,7.0
6,Amundi,3635472,2021-06-29,0.0264,634935184,CDW,5.0
7,Mawer Investment Management Limited,3525613,2021-06-29,0.0256,615748310,CDW,5.0
8,"Neuberger Berman Group, LLC",2946983,2021-06-29,0.021400000000000002,514690580,CDW,4.0
9,"Geode Capital Management, LLC",2450574,2021-06-29,0.0178,427992749,CDW,3.0
0,"Vanguard Group, Inc. (The)",31866816,2021-06-29,0.10779999999999999,2490710338,CERN,25.0
1,Blackrock Inc.,23951730,2021-06-29,0.081,1872067216,CERN,19.0
2,State Street Corporation,13827894,2021-06-29,0.046799999999999994,1080788195,CERN,11.0
3,"Wellington Management Group, LLP",10113600,2021-06-29,0.0342,790478976,CERN,8.0
4,Macquarie Group Limited,9714923,2021-06-29,0.0329,759318381,CERN,7.0
5,"Loomis Sayles & Company, LP",9484160,2021-06-29,0.0321,741281945,CERN,7.0
6,"American Century Companies, Inc.",7870877,2021-06-29,0.026600000000000002,615187746,CERN,6.0
7,"Geode Capital Management, LLC",6039762,2021-06-29,0.0204,472067797,CERN,4.0
8,Bank of America Corporation,5084463,2021-06-29,0.0172,397401628,CERN,4.0
9,Morgan Stanley,4624178,2021-06-29,0.015600000000000001,361425752,CERN,3.0
0,Massachusetts Financial Services Co.,7624459,2021-06-29,0.0556,885428423,CHKP,20.0
1,Blackrock Inc.,6827657,2021-06-29,0.049800000000000004,792895807,CHKP,18.0
2,Harding Loevner LLC,4987748,2021-06-29,0.0364,579227175,CHKP,13.0
3,"Franklin Resources, Inc.",3755874,2021-06-29,0.0274,436169647,CHKP,10.0
4,Ninety One UK Ltd,3196431,2021-06-29,0.0233,371201532,CHKP,8.0
5,State Street Corporation,2572564,2021-06-29,0.018799999999999997,298751857,CHKP,6.0
6,Altshuler Shaham Ltd,2174676,2021-06-29,0.0159,252545123,CHKP,5.0
7,Legal & General Group PLC,2153698,2021-06-29,0.015700000000000002,250108948,CHKP,5.0
8,DnB Asset Management AS,2103774,2021-06-29,0.015300000000000001,244311274,CHKP,5.0
9,FIL LTD,2058701,2021-06-29,0.015,239076947,CHKP,5.0
0,TCI Fund Management Ltd,10385430,2021-06-29,0.0565,7492568473,CHTR,16.0
1,Capital International Investors,10273843,2021-06-29,0.0559,7412064032,CHTR,15.0
2,"Vanguard Group, Inc. (The)",9830690,2021-06-29,0.0535,7092351300,CHTR,15.0
3,Blackrock Inc.,8842949,2021-06-29,0.0481,6379745556,CHTR,13.0
4,State Street Corporation,6135929,2021-06-29,0.0334,4426765977,CHTR,9.0
5,Dodge & Cox Inc,5708161,2021-06-29,0.0311,4118152753,CHTR,8.0
6,"Berkshire Hathaway, Inc",5213461,2021-06-29,0.028399999999999998,3761251438,CHTR,8.0
7,Harris Associates L.P.,3152631,2021-06-29,0.0172,2274465634,CHTR,4.0
8,Massachusetts Financial Services Co.,2449342,2021-06-29,0.013300000000000001,1767077785,CHTR,3.0
9,Veritas Asset Management LLP,2415306,2021-06-29,0.0131,1742522513,CHTR,3.0
0,"Vanguard Group, Inc. (The)",22258395,2021-06-29,0.09390000000000001,2934324212,CPRT,23.0
1,Blackrock Inc.,19981622,2021-06-29,0.0843,2634177228,CPRT,21.0
2,"Wellington Management Group, LLP",9313883,2021-06-29,0.0393,1227849195,CPRT,10.0
3,State Street Corporation,8615281,2021-06-29,0.0363,1135752494,CPRT,9.0
4,"Principal Financial Group, Inc.",7390692,2021-06-29,0.031200000000000002,974314926,CPRT,7.0
5,"AllianceBernstein, L.P.",6445811,2021-06-29,0.027200000000000002,849751264,CPRT,6.0
6,Price (T.Rowe) Associates Inc,6041484,2021-06-29,0.0255,796448835,CPRT,6.0
7,Capital World Investors,5125914,2021-06-29,0.0216,675749242,CPRT,5.0
8,JP Morgan Chase & Company,3903578,2021-06-29,0.0165,514608687,CPRT,4.0
9,"Geode Capital Management, LLC",3731448,2021-06-29,0.015700000000000002,491916789,CPRT,4.0
0,Blackrock Inc.,12627761,2021-06-29,0.0613,3173482616,CRWD,19.0
1,"Vanguard Group, Inc. (The)",12198433,2021-06-29,0.0593,3065588197,CRWD,18.0
2,Jennison Associates LLC,8903544,2021-06-29,0.0433,2237549642,CRWD,13.0
3,"Tiger Global Management, LLC",7537000,2021-06-29,0.0366,1894123470,CRWD,11.0
4,Price (T.Rowe) Associates Inc,5633381,2021-06-29,0.0274,1415724979,CRWD,8.0
5,Morgan Stanley,4563798,2021-06-29,0.0222,1146928075,CRWD,6.0
6,Allianz Asset Management GmbH,4180821,2021-06-29,0.0203,1050682125,CRWD,6.0
7,State Street Corporation,3744332,2021-06-29,0.0182,940988074,CRWD,5.0
8,Capital Research Global Investors,3411139,2021-06-29,0.0166,857253342,CRWD,5.0
9,Matrix Capital Management,3000000,2021-06-29,0.0146,753930000,CRWD,4.0
0,"Vanguard Group, Inc. (The)",9991579,2021-06-29,0.0966,3816783178,CTAS,30.0
1,Blackrock Inc.,5909301,2021-06-29,0.0571,2257352982,CTAS,18.0
2,State Street Corporation,4024647,2021-06-29,0.038900000000000004,1537415154,CTAS,12.0
3,Price (T.Rowe) Associates Inc,3629770,2021-06-29,0.0351,1386572140,CTAS,11.0
4,"FMR, LLC",1772524,2021-06-29,0.0171,677104168,CTAS,5.0
5,Brown Advisory Inc.,1722606,2021-06-29,0.0167,658035492,CTAS,5.0
6,"Geode Capital Management, LLC",1607633,2021-06-29,0.0155,614115806,CTAS,4.0
7,"Franklin Resources, Inc.",1442999,2021-06-29,0.013999999999999999,551225618,CTAS,4.0
8,Manufacturers Life Insurance Co.,1285801,2021-06-29,0.0124,491175982,CTAS,3.0
9,Bank of America Corporation,1150459,2021-06-29,0.0111,439475338,CTAS,3.0
0,Blackrock Inc.,340829610,2021-06-29,0.0808,18063969330,CSCO,25.0
1,"Vanguard Group, Inc. (The)",334670666,2021-06-29,0.0793,17737545298,CSCO,25.0
2,State Street Corporation,179954574,2021-06-29,0.042699999999999995,9537592422,CSCO,13.0
3,Bank of America Corporation,88722053,2021-06-29,0.021,4702268809,CSCO,6.0
4,"Wellington Management Group, LLP",88042390,2021-06-29,0.0209,4666246670,CSCO,6.0
5,Bank Of New York Mellon Corporation,73363866,2021-06-29,0.0174,3888284898,CSCO,5.0
6,"Geode Capital Management, LLC",69935509,2021-06-29,0.0166,3706581977,CSCO,5.0
7,"Ameriprise Financial, Inc.",55164411,2021-06-29,0.0131,2923713783,CSCO,4.0
8,Northern Trust Corporation,52709112,2021-06-29,0.0125,2793582936,CSCO,3.0
9,Wells Fargo & Company,50638489,2021-06-29,0.012,2683839917,CSCO,3.0
0,"Vanguard Group, Inc. (The)",391480518,2021-06-29,0.0855,22322219136,CMCSA,22.0
1,Blackrock Inc.,317588834,2021-06-29,0.0693,18108915314,CMCSA,17.0
2,Capital International Investors,226174387,2021-06-29,0.049400000000000006,12896463546,CMCSA,12.0
3,State Street Corporation,170761419,2021-06-29,0.0373,9736816111,CMCSA,9.0
4,Capital Research Global Investors,135689386,2021-06-29,0.0296,7737008789,CMCSA,7.0
5,Capital World Investors,117935963,2021-06-29,0.025699999999999997,6724708610,CMCSA,6.0
6,Massachusetts Financial Services Co.,115730837,2021-06-29,0.0253,6598972325,CMCSA,6.0
7,"FMR, LLC",112683895,2021-06-29,0.0246,6425235692,CMCSA,6.0
8,"Wellington Management Group, LLP",97881104,2021-06-29,0.021400000000000002,5581180550,CMCSA,5.0
9,Dodge & Cox Inc,83984497,2021-06-29,0.0183,4788796018,CMCSA,4.0
0,"Vanguard Group, Inc. (The)",37004912,2021-06-29,0.08380000000000001,14641733531,COST,28.0
1,Blackrock Inc.,29955779,2021-06-29,0.0678,11852603076,COST,22.0
2,State Street Corporation,16750366,2021-06-29,0.0379,6627617315,COST,12.0
3,"FMR, LLC",11285158,2021-06-29,0.0255,4465198465,COST,8.0
4,Bank of America Corporation,7131186,2021-06-29,0.0161,2821596364,COST,5.0
5,"Geode Capital Management, LLC",6953465,2021-06-29,0.015700000000000002,2751277496,COST,5.0
6,Morgan Stanley,6185105,2021-06-29,0.013999999999999999,2447260495,COST,4.0
7,Northern Trust Corporation,5904774,2021-06-29,0.0134,2336341928,COST,4.0
8,Bank Of New York Mellon Corporation,5113982,2021-06-29,0.0116,2023449257,COST,3.0
9,Capital World Investors,4885137,2021-06-29,0.0111,1932902156,COST,3.0
0,"Vanguard Group, Inc. (The)",186291657,2021-06-29,0.08259999999999999,5976236356,CSX,20.0
1,Capital World Investors,182870778,2021-06-29,0.08109999999999999,5866494558,CSX,20.0
2,Blackrock Inc.,142288778,2021-06-29,0.06309999999999999,4564623998,CSX,15.0
3,Capital Research Global Investors,141935973,2021-06-29,0.063,4553306013,CSX,15.0
4,State Street Corporation,93718213,2021-06-29,0.0416,3006480273,CSX,10.0
5,"Geode Capital Management, LLC",36552387,2021-06-29,0.016200000000000003,1172600574,CSX,4.0
6,Soroban Capital Partners LP,32233580,2021-06-29,0.0143,1034053246,CSX,3.0
7,Egerton Capital (UK) LLP,31948068,2021-06-29,0.014199999999999999,1024894021,CSX,3.0
8,Edgepoint Investment Group Inc.,30227766,2021-06-29,0.0134,969706733,CSX,3.0
9,Bank of America Corporation,25160123,2021-06-29,0.011200000000000002,807136745,CSX,2.0
0,Blackrock Inc.,47700497,2021-06-29,0.0908,3303736422,CTSH,21.0
1,"Vanguard Group, Inc. (The)",41532499,2021-06-29,0.079,2876540880,CTSH,19.0
2,Dodge & Cox Inc,29359124,2021-06-29,0.0559,2033412928,CTSH,13.0
3,State Street Corporation,22530198,2021-06-29,0.0429,1560441513,CTSH,10.0
4,Bank Of New York Mellon Corporation,19765505,2021-06-29,0.037599999999999995,1368958876,CTSH,9.0
5,Invesco Ltd.,13238308,2021-06-29,0.0252,916885212,CTSH,6.0
6,Pzena Investment Management Llc,12066171,2021-06-29,0.023,835703003,CTSH,5.0
7,"FMR, LLC",11969003,2021-06-29,0.022799999999999997,828973147,CTSH,5.0
8,"Franklin Resources, Inc.",10271462,2021-06-29,0.0195,711401458,CTSH,4.0
9,Capital Research Global Investors,9621935,2021-06-29,0.0183,666415218,CTSH,4.0
0,"Vanguard Group, Inc. (The)",16951794,2021-06-29,0.0862,4739213048,DOCU,23.0
1,Blackrock Inc.,11240134,2021-06-29,0.0571,3142404262,DOCU,15.0
2,Price (T.Rowe) Associates Inc,10978441,2021-06-29,0.0558,3069242750,DOCU,15.0
3,"Tiger Global Management, LLC",7280000,2021-06-29,0.037000000000000005,2035269600,DOCU,10.0
4,Morgan Stanley,6661767,2021-06-29,0.0339,1862430200,DOCU,9.0
5,Jennison Associates LLC,5126083,2021-06-29,0.026099999999999998,1433099024,DOCU,7.0
6,State Street Corporation,4092169,2021-06-29,0.0208,1144047687,DOCU,5.0
7,"American Century Companies, Inc.",3349227,2021-06-29,0.017,936343392,DOCU,4.0
8,"Franklin Resources, Inc.",3003466,2021-06-29,0.015300000000000001,839678989,DOCU,4.0
9,"ARK Investment Management, LLC",2806990,2021-06-29,0.0143,784750194,DOCU,3.0
0,"Vanguard Group, Inc. (The)",10255842,2021-06-29,0.106,4379244534,DXCM,22.0
1,Blackrock Inc.,7771797,2021-06-29,0.0803,3318557319,DXCM,17.0
2,Baillie Gifford and Company,5216621,2021-06-29,0.053899999999999997,2227497167,DXCM,11.0
3,"FMR, LLC",4306293,2021-06-29,0.044500000000000005,1838787111,DXCM,9.0
4,State Street Corporation,3858779,2021-06-29,0.039900000000000005,1647698633,DXCM,8.0
5,JP Morgan Chase & Company,3748505,2021-06-29,0.0387,1600611635,DXCM,8.0
6,"Sands Capital Management, LLC",3037276,2021-06-29,0.031400000000000004,1296916852,DXCM,6.0
7,Janus Henderson Group PLC,2868600,2021-06-29,0.0296,1224892200,DXCM,6.0
8,Morgan Stanley,2148868,2021-06-29,0.0222,917566636,DXCM,4.0
9,Artisan Partners Limited Partnership,1974019,2021-06-29,0.0204,842906113,DXCM,4.0
0,"Vanguard Group, Inc. (The)",24473995,2021-06-29,0.10550000000000001,2435162502,DLTR,25.0
1,Blackrock Inc.,19792385,2021-06-29,0.08529999999999999,1969342307,DLTR,20.0
2,State Street Corporation,9831797,2021-06-29,0.0424,978263801,DLTR,10.0
3,Price (T.Rowe) Associates Inc,9507609,2021-06-29,0.040999999999999995,946007095,DLTR,9.0
4,Macquarie Group Limited,7545079,2021-06-29,0.0325,750735360,DLTR,7.0
5,Lazard Asset Management LLC,6803713,2021-06-29,0.029300000000000003,676969443,DLTR,7.0
6,"Franklin Resources, Inc.",5336631,2021-06-29,0.023,530994784,DLTR,5.0
7,"FMR, LLC",5318535,2021-06-29,0.0229,529194232,DLTR,5.0
8,"Geode Capital Management, LLC",4110611,2021-06-29,0.0177,409005794,DLTR,4.0
9,"Fiduciary Management, Inc.",3812737,2021-06-29,0.016399999999999998,379367331,DLTR,3.0
0,Blackrock Inc.,23124435,2021-06-29,0.08130000000000001,3325987486,EA,20.0
1,"Vanguard Group, Inc. (The)",21869555,2021-06-29,0.0768,3145498095,EA,19.0
2,Public Investment Fund,14210000,2021-06-29,0.0499,2043824300,EA,12.0
3,State Street Corporation,14014283,2021-06-29,0.0492,2015674323,EA,12.0
4,Massachusetts Financial Services Co.,11412077,2021-06-29,0.0401,1641399034,EA,10.0
5,"AllianceBernstein, L.P.",7254723,2021-06-29,0.0255,1043446809,EA,6.0
6,Brown Advisory Inc.,5430002,2021-06-29,0.0191,780997187,EA,4.0
7,Invesco Ltd.,5174662,2021-06-29,0.0182,744271635,EA,4.0
8,"FMR, LLC",4937528,2021-06-29,0.0174,710164652,EA,4.0
9,"Geode Capital Management, LLC",4929465,2021-06-29,0.0173,709004950,EA,4.0
0,Blackrock Inc.,49638905,2021-06-29,0.0764,3485147520,EBAY,19.0
1,"Vanguard Group, Inc. (The)",49362912,2021-06-29,0.0759,3465770051,EBAY,19.0
2,"FMR, LLC",33779908,2021-06-29,0.052000000000000005,2371687340,EBAY,13.0
3,State Street Corporation,29319795,2021-06-29,0.0451,2058542806,EBAY,11.0
4,"Ameriprise Financial, Inc.",23433305,2021-06-29,0.036000000000000004,1645252344,EBAY,9.0
5,"Comprehensive Financial Management, LLC",21667608,2021-06-29,0.0333,1521282757,EBAY,8.0
6,Nordea Investment Management AB,16633549,2021-06-29,0.0256,1167841475,EBAY,6.0
7,"Baupost Group, Inc,.(The) LLC",14890623,2021-06-29,0.0229,1045470640,EBAY,5.0
8,"Geode Capital Management, LLC",10474454,2021-06-29,0.0161,735411415,EBAY,4.0
9,Lindsell Train Limited,9342871,2021-06-29,0.0144,655962972,EBAY,3.0
0,"Vanguard Group, Inc. (The)",83795147,2021-03-30,0.0862,3665199729,EXC,18.0
1,Blackrock Inc.,81724739,2021-03-30,0.08410000000000001,3574640083,EXC,17.0
2,"Wellington Management Group, LLP",72675525,2021-03-30,0.0748,3178827463,EXC,15.0
3,State Street Corporation,59630914,2021-03-30,0.061399999999999996,2608256178,EXC,13.0
4,Capital International Investors,50547042,2021-03-30,0.052000000000000005,2210927617,EXC,11.0
5,"FMR, LLC",27595043,2021-03-30,0.028399999999999998,1207007180,EXC,6.0
6,Price (T.Rowe) Associates Inc,25185213,2021-03-30,0.0259,1101601216,EXC,5.0
7,Invesco Ltd.,20323384,2021-03-30,0.0209,888944816,EXC,4.0
8,Bank Of New York Mellon Corporation,16936563,2021-03-30,0.0174,740805265,EXC,3.0
9,"Geode Capital Management, LLC",15997588,2021-03-30,0.0165,699734499,EXC,3.0
0,"Vanguard Group, Inc. (The)",66950412,2021-06-29,0.1165,3481421424,FAST,30.0
1,Blackrock Inc.,44323426,2021-06-29,0.0771,2304818152,FAST,19.0
2,Bank Of New York Mellon Corporation,29537970,2021-06-29,0.051399999999999994,1535974440,FAST,13.0
3,State Street Corporation,28455445,2021-06-29,0.0495,1479683140,FAST,12.0
4,"Geode Capital Management, LLC",11277756,2021-06-29,0.0196,586443312,FAST,5.0
5,"Principal Financial Group, Inc.",9676441,2021-06-29,0.0168,503174932,FAST,4.0
6,Bank of America Corporation,8623970,2021-06-29,0.015,448446440,FAST,3.0
7,Janus Henderson Group PLC,8097273,2021-06-29,0.0141,421058196,FAST,3.0
8,Invesco Ltd.,7922687,2021-06-29,0.0138,411979724,FAST,3.0
9,"Charles Schwab Investment Management, Inc.",7518065,2021-06-29,0.0131,390939380,FAST,3.0
0,"Vanguard Group, Inc. (The)",182466282,2021-06-29,0.0765,63445350914,FB,21.0
1,Blackrock Inc.,155424508,2021-06-29,0.0652,54042655676,FB,18.0
2,"FMR, LLC",127113861,2021-06-29,0.0533,44198760608,FB,14.0
3,Price (T.Rowe) Associates Inc,101398075,2021-06-29,0.0425,35257124658,FB,11.0
4,State Street Corporation,92196339,2021-06-29,0.0387,32057589033,FB,10.0
5,Capital International Investors,48790238,2021-06-29,0.020499999999999997,16964853654,FB,5.0
6,Capital World Investors,46113579,2021-06-29,0.019299999999999998,16034152554,FB,5.0
7,Capital Research Global Investors,39342809,2021-06-29,0.0165,13679888117,FB,4.0
8,"Geode Capital Management, LLC",38810686,2021-06-29,0.0163,13494863629,FB,4.0
9,Norges Bank Investment Management,29365846,2020-12-30,0.0123,8021574493,FB,3.0
0,Blackrock Inc.,50920609,2021-06-29,0.0824,7213922677,FIS,21.0
1,"Vanguard Group, Inc. (The)",48987486,2021-06-29,0.0793,6940057141,FIS,20.0
2,Capital International Investors,25265736,2021-06-29,0.0409,3579396819,FIS,10.0
3,State Street Corporation,24505262,2021-06-29,0.0397,3471660467,FIS,10.0
4,Price (T.Rowe) Associates Inc,24206929,2021-06-29,0.0392,3429395631,FIS,10.0
5,Massachusetts Financial Services Co.,18209897,2021-06-29,0.029500000000000002,2579796107,FIS,7.0
6,"Wellington Management Group, LLP",16252652,2021-06-29,0.0263,2302513208,FIS,6.0
7,"Ameriprise Financial, Inc.",10454025,2021-06-29,0.0169,1481021721,FIS,4.0
8,"Geode Capital Management, LLC",9868133,2021-06-29,0.016,1398018402,FIS,4.0
9,Morgan Stanley,9386746,2021-06-29,0.0152,1329820305,FIS,3.0
0,"Vanguard Group, Inc. (The)",17182649,2021-06-29,0.0684,604829244,FOX,20.0
1,Dodge & Cox Inc,13158141,2021-06-29,0.052300000000000006,463166563,FOX,15.0
2,Blackrock Inc.,11463510,2021-06-29,0.045599999999999995,403515552,FOX,13.0
3,Price (T.Rowe) Associates Inc,11073238,2021-06-29,0.044000000000000004,389777977,FOX,12.0
4,Yacktman Asset Management Lp,8612594,2021-06-29,0.034300000000000004,303163308,FOX,10.0
5,State Street Corporation,7057071,2021-06-29,0.0281,248408899,FOX,8.0
6,Manufacturers Life Insurance Co.,5831669,2021-06-29,0.0232,205274748,FOX,6.0
7,"American Century Companies, Inc.",5494267,2021-06-29,0.0219,193398198,FOX,6.0
8,Norges Bank Investment Management,3117448,2020-12-30,0.0124,90031898,FOX,3.0
9,"Geode Capital Management, LLC",2626374,2021-06-29,0.0104,92448364,FOX,3.0
0,Dodge & Cox Inc,48721900,2021-06-29,0.1507,1809044147,FOXA,25.0
1,Blackrock Inc.,41283868,2021-06-29,0.1277,1532870018,FOXA,21.0
2,"Vanguard Group, Inc. (The)",34218979,2021-06-29,0.1058,1270550690,FOXA,17.0
3,"Independent Franchise Partners, LLP",23745726,2021-06-29,0.07339999999999999,881678806,FOXA,12.0
4,State Street Corporation,15030576,2021-06-29,0.04650000000000001,558085286,FOXA,7.0
5,Ninety One UK Ltd,9289814,2021-06-29,0.0287,344930793,FOXA,4.0
6,"Geode Capital Management, LLC",6510100,2021-06-29,0.020099999999999996,241720013,FOXA,3.0
7,Bank of America Corporation,5330594,2021-06-29,0.0165,197924955,FOXA,2.0
8,Northern Trust Corporation,4844470,2021-06-29,0.015,179875171,FOXA,2.0
9,"Ameriprise Financial, Inc.",4600600,2021-06-29,0.014199999999999999,170820278,FOXA,2.0
0,Blackrock Inc.,123804538,2021-06-29,0.0987,8525180486,GILD,22.0
1,Capital Research Global Investors,116671555,2021-06-29,0.0931,8034003277,GILD,21.0
2,"Vanguard Group, Inc. (The)",105017942,2021-06-29,0.08380000000000001,7231535486,GILD,18.0
3,State Street Corporation,54299659,2021-06-29,0.0433,3739074518,GILD,9.0
4,Capital International Investors,39436987,2021-06-29,0.0315,2715630924,GILD,7.0
5,Capital World Investors,35987335,2021-06-29,0.0287,2478087888,GILD,6.0
6,Dodge & Cox Inc,28961844,2021-06-29,0.0231,1994312577,GILD,5.0
7,"Geode Capital Management, LLC",21915321,2021-06-29,0.0175,1509089004,GILD,3.0
8,Northern Trust Corporation,15080884,2021-06-29,0.012,1038469672,GILD,2.0
9,Norges Bank Investment Management,13174527,2020-12-30,0.0105,767547943,GILD,2.0
0,"Vanguard Group, Inc. (The)",21522942,2021-03-30,0.0672,44523003509,GOOG,23.0
1,Blackrock Inc.,19432407,2021-03-30,0.060700000000000004,40198460092,GOOG,21.0
2,Price (T.Rowe) Associates Inc,13284493,2021-03-30,0.0415,27480700754,GOOG,14.0
3,State Street Corporation,10762314,2021-03-30,0.0336,22263245609,GOOG,11.0
4,"FMR, LLC",7884134,2021-03-30,0.0246,16309356116,GOOG,8.0
5,"Geode Capital Management, LLC",4491336,2021-03-30,0.013999999999999999,9290912389,GOOG,4.0
6,Capital International Investors,4105991,2021-03-30,0.0128,8493776162,GOOG,4.0
7,Northern Trust Corporation,3818440,2021-03-30,0.011899999999999999,7898939537,GOOG,4.0
8,JP Morgan Chase & Company,3594116,2021-03-30,0.011200000000000002,7434896181,GOOG,3.0
9,"AllianceBernstein, L.P.",3285355,2021-06-29,0.0103,8234150943,GOOG,3.0
0,"Vanguard Group, Inc. (The)",22785085,2021-03-30,0.0757,46994693514,GOOGL,23.0
1,Blackrock Inc.,20560019,2021-03-30,0.0683,42405450387,GOOGL,20.0
2,"FMR, LLC",13016151,2021-03-30,0.0432,26846071760,GOOGL,13.0
3,State Street Corporation,11085426,2021-03-30,0.0368,22863912833,GOOGL,11.0
4,Price (T.Rowe) Associates Inc,7329607,2021-03-30,0.024300000000000002,15117461029,GOOGL,7.0
5,"Wellington Management Group, LLP",5656543,2021-03-30,0.018799999999999997,11666733068,GOOGL,5.0
6,Norges Bank Investment Management,5433638,2020-12-30,0.018000000000000002,9523211304,GOOGL,5.0
7,"Geode Capital Management, LLC",4939735,2021-03-30,0.016399999999999998,10188302232,GOOGL,5.0
8,Capital Research Global Investors,4000201,2021-03-30,0.013300000000000001,8250494566,GOOGL,4.0
9,Bank of America Corporation,3732342,2021-03-30,0.0124,7698030021,GOOGL,3.0
0,"Vanguard Group, Inc. (The)",56017241,2021-06-29,0.08070000000000001,12287381813,HON,22.0
1,Blackrock Inc.,39762160,2021-06-29,0.0572,8721829796,HON,16.0
2,State Street Corporation,34743548,2021-06-29,0.05,7620997253,HON,14.0
3,Capital World Investors,22990903,2021-06-29,0.0331,5043054573,HON,9.0
4,Massachusetts Financial Services Co.,22174618,2021-06-29,0.0319,4864002458,HON,8.0
5,Bank of America Corporation,19553559,2021-06-29,0.0282,4289073166,HON,7.0
6,Newport Trust Co,16745307,2021-06-29,0.0241,3673083090,HON,6.0
7,Morgan Stanley,12135673,2021-06-29,0.0175,2661959872,HON,4.0
8,"Wellington Management Group, LLP",11464831,2021-06-29,0.0165,2514810679,HON,4.0
9,"Geode Capital Management, LLC",11328599,2021-06-29,0.0163,2484928190,HON,4.0
0,Baillie Gifford and Company,19834762,2020-12-30,0.1359,7338861940,ILMN,27.0
1,"Vanguard Group, Inc. (The)",11330232,2020-12-30,0.0776,4192185840,ILMN,15.0
2,Blackrock Inc.,11253386,2020-12-30,0.0771,4163752820,ILMN,15.0
3,Edgewood Management Company,6946312,2020-12-30,0.047599999999999996,2570135440,ILMN,9.0
4,State Street Corporation,5882448,2020-12-30,0.0403,2176505760,ILMN,8.0
5,Bank Of New York Mellon Corporation,3697826,2020-12-30,0.0253,1368195620,ILMN,5.0
6,"Loomis Sayles & Company, LP",3502074,2020-12-30,0.024,1295767380,ILMN,4.0
7,"Sands Capital Management, LLC",2952911,2020-12-30,0.0202,1092577070,ILMN,4.0
8,Morgan Stanley,2861215,2020-12-30,0.0196,1058649550,ILMN,4.0
9,Janus Henderson Group PLC,2738465,2020-12-30,0.018799999999999997,1013232050,ILMN,3.0
0,"Baker Brothers Advisors, LLC",32001387,2021-03-30,0.14550000000000002,2600752721,INCY,22.0
1,Price (T.Rowe) Associates Inc,30058822,2021-03-30,0.1367,2442880463,INCY,21.0
2,"Vanguard Group, Inc. (The)",20409783,2021-03-30,0.0928,1658703064,INCY,14.0
3,Blackrock Inc.,17675289,2021-03-30,0.08039999999999999,1436470737,INCY,12.0
4,"Wellington Management Group, LLP",12949220,2021-03-30,0.058899999999999994,1052383109,INCY,9.0
5,State Street Corporation,8351249,2021-03-30,0.038,678706006,INCY,5.0
6,Capital International Investors,5502635,2021-03-30,0.025,447199146,INCY,3.0
7,"Renaissance Technologies, LLC",4898733,2021-03-30,0.0223,398120030,INCY,3.0
8,Dodge & Cox Inc,4317392,2021-03-30,0.0196,350874447,INCY,3.0
9,"Geode Capital Management, LLC",3383226,2021-03-30,0.0154,274954777,INCY,2.0
0,"Vanguard Group, Inc. (The)",337719509,2021-06-29,0.0832,18959573235,INTC,27.0
1,Blackrock Inc.,323686641,2021-06-29,0.07980000000000001,18171768025,INTC,26.0
2,State Street Corporation,171543571,2021-06-29,0.042300000000000004,9630456075,INTC,14.0
3,Capital International Investors,105043103,2021-06-29,0.0259,5897119802,INTC,8.0
4,"Geode Capital Management, LLC",76627150,2021-06-29,0.0189,4301848201,INTC,6.0
5,Northern Trust Corporation,50375058,2021-06-29,0.0124,2828055756,INTC,4.0
6,Norges Bank Investment Management,42975850,2020-12-30,0.0106,2141056847,INTC,3.0
7,Bank Of New York Mellon Corporation,39791313,2021-06-29,0.0098,2233884311,INTC,3.0
8,Dimensional Fund Advisors LP,38924754,2021-06-29,0.0096,2185235689,INTC,3.0
9,Primecap Management Company,34918555,2021-06-29,0.0086,1960327677,INTC,2.0
0,Blackrock Inc.,23146353,2021-03-30,0.08470000000000001,8866441980,INTU,21.0
1,Price (T.Rowe) Associates Inc,22586386,2021-03-30,0.0827,8651941021,INTU,21.0
2,"Vanguard Group, Inc. (The)",21310321,2021-03-30,0.078,8163131562,INTU,20.0
3,State Street Corporation,10621380,2021-03-30,0.038900000000000004,4068625822,INTU,9.0
4,"FMR, LLC",6740616,2021-03-30,0.024700000000000003,2582060364,INTU,6.0
5,Edgewood Management Company,6161271,2021-03-30,0.0225,2360136469,INTU,5.0
6,Fundsmith LLP,4577260,2021-03-30,0.0168,1753365215,INTU,4.0
7,"Geode Capital Management, LLC",4352130,2021-03-30,0.0159,1667126917,INTU,4.0
8,Brown Advisory Inc.,3497516,2021-03-30,0.0128,1339758478,INTU,3.0
9,Invesco Ltd.,3286941,2021-03-30,0.012,1259095619,INTU,3.0
0,Price (T.Rowe) Associates Inc,9600092,2020-12-30,0.08109999999999999,7853835265,ISRG,17.0
1,"Vanguard Group, Inc. (The)",9127891,2020-12-30,0.0771,7467527627,ISRG,16.0
2,Blackrock Inc.,8888304,2020-12-30,0.0751,7271521502,ISRG,16.0
3,Morgan Stanley,5606930,2020-12-30,0.047400000000000005,4587029433,ISRG,10.0
4,"FMR, LLC",5170385,2020-12-30,0.0437,4229891968,ISRG,9.0
5,State Street Corporation,4739104,2020-12-30,0.04,3877060982,ISRG,8.0
6,Capital World Investors,3813232,2020-12-30,0.0322,3119605099,ISRG,6.0
7,Edgewood Management Company,3174097,2020-12-30,0.0268,2596728755,ISRG,5.0
8,Bank Of New York Mellon Corporation,3073903,2020-12-30,0.026000000000000002,2514760044,ISRG,5.0
9,"AllianceBernstein, L.P.",1980019,2020-12-30,0.0167,1619853543,ISRG,3.0
0,"FMR, LLC",117625888,2021-06-29,0.14279999999999998,6861118047,MRVL,27.0
1,"Vanguard Group, Inc. (The)",72661015,2021-06-29,0.0882,4238317004,MRVL,17.0
2,Blackrock Inc.,68877008,2021-06-29,0.0836,4017595876,MRVL,16.0
3,Price (T.Rowe) Associates Inc,41201091,2021-06-29,0.05,2403259638,MRVL,9.0
4,"Wellington Management Group, LLP",39620985,2021-06-29,0.0481,2311092055,MRVL,9.0
5,Bank of America Corporation,24080369,2021-06-29,0.0292,1404607923,MRVL,5.0
6,State Street Corporation,17998859,2021-06-29,0.0219,1049873445,MRVL,4.0
7,"Goldman Sachs Group, Inc.",15934967,2021-06-29,0.019299999999999998,929486625,MRVL,3.0
8,"Ameriprise Financial, Inc.",14134480,2021-06-29,0.0172,824464218,MRVL,3.0
9,Allianz Asset Management GmbH,13319481,2021-06-29,0.016200000000000003,776925326,MRVL,3.0
0,"Vanguard Group, Inc. (The)",9065541,2021-06-29,0.1066,5725342418,IDXX,26.0
1,Blackrock Inc.,8274891,2021-06-29,0.0973,5226007411,IDXX,23.0
2,Fundsmith LLP,4242462,2021-06-29,0.0499,2679326876,IDXX,12.0
3,State Street Corporation,3629537,2021-06-29,0.042699999999999995,2292234092,IDXX,10.0
4,BAMCO Inc.,2696326,2021-06-29,0.0317,1702864685,IDXX,7.0
5,"Geode Capital Management, LLC",1711457,2021-06-29,0.020099999999999996,1080870668,IDXX,4.0
6,"Blair (William) & Company, L.L.C.",1349965,2021-06-29,0.0159,852570395,IDXX,3.0
7,"Franklin Resources, Inc.",1305965,2021-06-29,0.0154,824782195,IDXX,3.0
8,Bank of America Corporation,1243936,2021-06-29,0.0146,785607780,IDXX,3.0
9,"AllianceBernstein, L.P.",1231970,2021-06-29,0.014499999999999999,778050653,IDXX,3.0
0,"Tiger Global Management, LLC",51650366,2021-03-30,0.038599999999999995,4355675364,JD,20.0
1,Blackrock Inc.,45440552,2021-03-30,0.0339,3832001750,JD,17.0
2,Invesco Ltd.,35462678,2021-03-30,0.0265,2990567635,JD,13.0
3,"Vanguard Group, Inc. (The)",31053657,2021-03-30,0.0232,2618754894,JD,12.0
4,GQG Partners LLC,19549530,2021-03-30,0.0146,1648611864,JD,7.0
5,State Street Corporation,17967444,2021-03-30,0.0134,1515194552,JD,7.0
6,"FMR, LLC",15621565,2021-03-30,0.011699999999999999,1317366576,JD,6.0
7,Schroder Investment Management Group,15252850,2021-03-30,0.011399999999999999,1286272840,JD,5.0
8,"D1 Capital Partners, LP",12016558,2021-03-30,0.009000000000000001,1013356336,JD,4.0
9,Norges Bank Investment Management,11144439,2020-12-30,0.0083,979596188,JD,4.0
0,"BDT Capital Partners, LLC",114419980,2021-06-29,0.08130000000000001,4032160095,KDP,25.0
1,Capital Research Global Investors,58520901,2021-06-29,0.0416,2062276551,KDP,12.0
2,Capital World Investors,48464646,2021-06-29,0.0344,1707894125,KDP,10.0
3,Harris Associates L.P.,46363431,2021-06-29,0.0329,1633847308,KDP,10.0
4,Capital International Investors,45086484,2021-06-29,0.032,1588847696,KDP,9.0
5,"Vanguard Group, Inc. (The)",39004204,2021-06-29,0.0277,1374508148,KDP,8.0
6,Blackrock Inc.,30440432,2021-06-29,0.0216,1072720823,KDP,6.0
7,"FMR, LLC",28040471,2021-06-29,0.0199,988146198,KDP,6.0
8,Price (T.Rowe) Associates Inc,26217719,2021-06-29,0.018600000000000002,923912417,KDP,5.0
9,State Street Corporation,14738396,2021-06-29,0.0105,519381075,KDP,3.0
0,"Vanguard Group, Inc. (The)",15668447,2021-06-29,0.10310000000000001,5079867201,KLAC,22.0
1,Blackrock Inc.,11172457,2021-06-29,0.0735,3622222283,KLAC,16.0
2,Primecap Management Company,8105984,2021-06-29,0.0533,2628041072,KLAC,11.0
3,Capital International Investors,7642131,2021-06-29,0.050300000000000004,2477655291,KLAC,11.0
4,State Street Corporation,6221740,2021-06-29,0.0409,2017150325,KLAC,9.0
5,"Wellington Management Group, LLP",5449577,2021-06-29,0.0359,1766807359,KLAC,7.0
6,Price (T.Rowe) Associates Inc,4558166,2021-06-29,0.03,1477802998,KLAC,6.0
7,Janus Henderson Group PLC,3687498,2021-06-29,0.024300000000000002,1195523726,KLAC,5.0
8,"FMR, LLC",3306996,2021-06-29,0.0218,1072161173,KLAC,4.0
9,"Geode Capital Management, LLC",2441699,2021-06-29,0.0161,791623232,KLAC,3.0
0,"Berkshire Hathaway, Inc",325634818,2021-06-29,0.2662,13279387878,KHC,60.0
1,"Vanguard Group, Inc. (The)",53744645,2021-06-29,0.043899999999999995,2191706623,KHC,9.0
2,Blackrock Inc.,44695230,2021-06-29,0.0365,1822671479,KHC,8.0
3,State Street Corporation,29674042,2021-06-29,0.024300000000000002,1210107432,KHC,5.0
4,Invesco Ltd.,18257166,2021-06-29,0.0149,744527229,KHC,3.0
5,Capital International Investors,17269823,2021-06-29,0.0141,704263381,KHC,3.0
6,Capital Research Global Investors,15433645,2021-06-29,0.0126,629384043,KHC,2.0
7,"Geode Capital Management, LLC",11677953,2021-06-29,0.0095,476226923,KHC,2.0
8,Lsv Asset Management,10786341,2021-06-29,0.0088,439866985,KHC,2.0
9,"Franklin Resources, Inc.",10447625,2021-06-29,0.0085,426054147,KHC,1.0
0,"Vanguard Group, Inc. (The)",11532700,2021-06-29,0.0812,7504327890,LRCX,20.0
1,Blackrock Inc.,11237031,2021-06-29,0.07919999999999999,7311936071,LRCX,19.0
2,"FMR, LLC",7877634,2021-06-29,0.0555,5125976443,LRCX,13.0
3,JP Morgan Chase & Company,6034717,2021-06-29,0.0425,3926790351,LRCX,10.0
4,State Street Corporation,5858935,2021-06-29,0.041299999999999996,3812409004,LRCX,10.0
5,"Ameriprise Financial, Inc.",4936792,2021-06-29,0.0348,3212370554,LRCX,8.0
6,Janus Henderson Group PLC,3510158,2021-06-29,0.024700000000000003,2284059810,LRCX,6.0
7,"Geode Capital Management, LLC",2298038,2021-06-29,0.016200000000000003,1495333326,LRCX,4.0
8,Massachusetts Financial Services Co.,1858421,2021-06-29,0.0131,1209274544,LRCX,3.0
9,Northern Trust Corporation,1629835,2021-06-29,0.0115,1060533634,LRCX,2.0
0,"FMR, LLC",18769108,2021-06-29,0.1506,6850161346,LULU,30.0
1,"Vanguard Group, Inc. (The)",8715815,2021-06-29,0.0699,3181011000,LULU,13.0
2,Price (T.Rowe) Associates Inc,8628764,2021-06-29,0.0692,3149239997,LULU,13.0
3,Blackrock Inc.,6567772,2021-06-29,0.0527,2397039746,LULU,10.0
4,"WCM Investment Management, LLC",5434939,2021-06-29,0.0436,1983589686,LULU,8.0
5,Jennison Associates LLC,4685165,2021-06-29,0.037599999999999995,1709944670,LULU,7.0
6,"Wellington Management Group, LLP",3482098,2021-06-29,0.0279,1270861307,LULU,5.0
7,State Street Corporation,2811232,2021-06-29,0.0226,1026015343,LULU,4.0
8,Morgan Stanley,1768772,2021-06-29,0.014199999999999999,645548716,LULU,2.0
9,Capital World Investors,1555411,2021-06-29,0.0125,567678352,LULU,2.0
0,Baillie Gifford and Company,4638532,2021-03-30,0.09300000000000001,6828568498,MELI,23.0
1,Capital Research Global Investors,3354048,2021-03-30,0.0673,4937628222,MELI,16.0
2,Capital World Investors,2314423,2021-03-30,0.0464,3407154675,MELI,11.0
3,JP Morgan Chase & Company,1935860,2021-03-30,0.0388,2849856940,MELI,9.0
4,"WCM Investment Management, LLC",1780375,2021-03-30,0.035699999999999996,2620961252,MELI,8.0
5,Blackrock Inc.,1624161,2021-03-30,0.0326,2390992374,MELI,8.0
6,Jennison Associates LLC,1520310,2021-03-30,0.0305,2238109163,MELI,7.0
7,"Sands Capital Management, LLC",1149630,2021-03-30,0.0231,1692416308,MELI,5.0
8,Ubs Asset Management Americas Inc,769603,2021-03-30,0.0154,1132963360,MELI,3.0
9,"Lone Pine Capital, LLC",715152,2021-03-30,0.0143,1052803865,MELI,3.0
0,"Vanguard Group, Inc. (The)",19583346,2021-03-30,0.0604,2900489376,MAR,18.0
1,"FMR, LLC",16476498,2021-03-30,0.0508,2440334118,MAR,15.0
2,Blackrock Inc.,16172861,2021-03-30,0.0499,2395362442,MAR,15.0
3,State Street Corporation,11283981,2021-03-30,0.0348,1671270425,MAR,10.0
4,Eagle Capital Management LLC,11195833,2021-03-30,0.0345,1658214825,MAR,10.0
5,Price (T.Rowe) Associates Inc,10201418,2021-03-30,0.031400000000000004,1510932019,MAR,9.0
6,Capital World Investors,5536513,2021-03-30,0.0171,820012940,MAR,5.0
7,JP Morgan Chase & Company,4751234,2021-03-30,0.0146,703705267,MAR,4.0
8,Massachusetts Financial Services Co.,4583603,2021-03-30,0.0141,678877440,MAR,4.0
9,Capital Research Global Investors,4257626,2021-03-30,0.0131,630596986,MAR,4.0
0,Price (T.Rowe) Associates Inc,29363946,2021-06-29,0.1061,4734936292,MTCH,20.0
1,"Vanguard Group, Inc. (The)",23040787,2021-06-29,0.0832,3715326903,MTCH,16.0
2,Jennison Associates LLC,20152966,2021-06-29,0.0728,3249665767,MTCH,14.0
3,Blackrock Inc.,16563420,2021-06-29,0.059800000000000006,2670851475,MTCH,11.0
4,Edgewood Management Company,13597154,2021-06-29,0.049100000000000005,2192541082,MTCH,9.0
5,JP Morgan Chase & Company,11547124,2021-06-29,0.0417,1861973745,MTCH,8.0
6,"Lone Pine Capital, LLC",7746500,2021-06-29,0.027999999999999997,1249123125,MTCH,5.0
7,"FMR, LLC",7319890,2021-06-29,0.0264,1180332262,MTCH,5.0
8,Massachusetts Financial Services Co.,6700580,2021-06-29,0.0242,1080468525,MTCH,4.0
9,"Sands Capital Management, LLC",6466930,2021-06-29,0.023399999999999997,1042792462,MTCH,4.0
0,"Vanguard Group, Inc. (The)",30922920,2021-06-29,0.1128,4630398040,MCHP,24.0
1,Blackrock Inc.,19640465,2021-06-29,0.0717,2940963229,MCHP,15.0
2,Price (T.Rowe) Associates Inc,17938410,2021-06-29,0.0655,2686097513,MCHP,13.0
3,Dodge & Cox Inc,14555412,2021-06-29,0.053099999999999994,2179527392,MCHP,11.0
4,State Street Corporation,10400980,2021-06-29,0.038,1557442745,MCHP,8.0
5,"Aristotle Capital Management, LLC",9067840,2021-06-29,0.0331,1357818361,MCHP,7.0
6,Bank of America Corporation,8723419,2021-06-29,0.0318,1306244761,MCHP,6.0
7,JP Morgan Chase & Company,6696914,2021-06-29,0.024399999999999998,1002795902,MCHP,5.0
8,"Principal Financial Group, Inc.",5447214,2021-06-29,0.0199,815665824,MCHP,4.0
9,Janus Henderson Group PLC,4979258,2021-06-29,0.0182,745594092,MCHP,3.0
0,"Vanguard Group, Inc. (The)",113027986,2021-06-29,0.0809,7057467445,MDLZ,24.0
1,Blackrock Inc.,90039986,2021-06-29,0.0644,5622096725,MDLZ,19.0
2,State Street Corporation,61955886,2021-06-29,0.0443,3868525521,MDLZ,13.0
3,"Wellington Management Group, LLP",40893142,2021-06-29,0.029300000000000003,2553367786,MDLZ,8.0
4,Capital World Investors,37186438,2021-06-29,0.026600000000000002,2321921188,MDLZ,8.0
5,Lindsell Train Limited,29893035,2021-06-29,0.021400000000000002,1866521105,MDLZ,6.0
6,JP Morgan Chase & Company,27254645,2021-06-29,0.0195,1701780033,MDLZ,5.0
7,"Geode Capital Management, LLC",22545690,2021-06-29,0.0161,1407752883,MDLZ,4.0
8,Bank of America Corporation,20454259,2021-06-29,0.0146,1277163931,MDLZ,4.0
9,Northern Trust Corporation,19943417,2021-06-29,0.0143,1245266957,MDLZ,4.0
0,Baillie Gifford and Company,45883213,2021-06-29,0.1137,10781637390,MRNA,31.0
1,Flagship Pioneering Inc.,20581016,2021-06-29,0.051,4836127139,MRNA,14.0
2,"Vanguard Group, Inc. (The)",20194904,2021-06-29,0.05,4745398541,MRNA,14.0
3,Blackrock Inc.,19390725,2021-06-29,0.048,4556432560,MRNA,13.0
4,Morgan Stanley,7421497,2021-06-29,0.0184,1743903365,MRNA,5.0
5,State Street Corporation,7325576,2021-06-29,0.0181,1721363848,MRNA,5.0
6,"FMR, LLC",7215019,2021-06-29,0.0179,1695385164,MRNA,5.0
7,"Coatue Management, LLC",6140904,2021-06-29,0.0152,1442989621,MRNA,4.0
8,"Theleme Partners, LLP",6072056,2021-06-29,0.015,1426811718,MRNA,4.0
9,"Lone Pine Capital, LLC",3990897,2021-06-29,0.009899999999999999,937780977,MRNA,2.0
0,"FMR, LLC",30247801,2021-06-29,0.0572,2763136621,MNST,16.0
1,"Vanguard Group, Inc. (The)",29173678,2021-06-29,0.0552,2665015485,MNST,16.0
2,Blackrock Inc.,24449495,2021-06-29,0.0462,2233461368,MNST,13.0
3,"Loomis Sayles & Company, LP",20875354,2021-06-29,0.0395,1906963587,MNST,11.0
4,"AllianceBernstein, L.P.",16831004,2021-06-29,0.0318,1537512215,MNST,9.0
5,State Street Corporation,16008926,2021-06-29,0.030299999999999997,1462415390,MNST,8.0
6,"Wellington Management Group, LLP",13495474,2021-06-29,0.0255,1232811549,MNST,7.0
7,JP Morgan Chase & Company,10107934,2021-06-29,0.0191,923359770,MNST,5.0
8,Nuveen Asset Management,8983514,2021-06-29,0.017,820644003,MNST,5.0
9,"ClearBridge Investments, LLC",8698886,2021-06-29,0.016399999999999998,794643236,MNST,4.0
0,"Vanguard Group, Inc. (The)",610974647,2021-06-29,0.08130000000000001,165513031872,MSFT,26.0
1,Blackrock Inc.,505662500,2021-06-29,0.0673,136983971250,MSFT,21.0
2,State Street Corporation,294824958,2021-06-29,0.0392,79868081122,MSFT,12.0
3,"FMR, LLC",218007132,2021-06-29,0.028999999999999998,59058132058,MSFT,9.0
4,Price (T.Rowe) Associates Inc,192408922,2021-06-29,0.0256,52123576969,MSFT,8.0
5,"Geode Capital Management, LLC",123322145,2021-06-29,0.016399999999999998,33407969080,MSFT,5.0
6,Capital World Investors,110830050,2021-06-29,0.0147,30023860545,MSFT,4.0
7,Capital Research Global Investors,94576657,2021-06-29,0.0126,25620816381,MSFT,4.0
8,Capital International Investors,92898047,2021-06-29,0.0124,25166080932,MSFT,3.0
9,Northern Trust Corporation,88583941,2021-06-29,0.0118,23997389616,MSFT,3.0
0,"Vanguard Group, Inc. (The)",88019606,2021-03-30,0.0785,7764209445,MU,21.0
1,Blackrock Inc.,86193412,2021-03-30,0.07690000000000001,7603120872,MU,20.0
2,Primecap Management Company,45428589,2021-03-30,0.0405,4007255835,MU,11.0
3,State Street Corporation,45310723,2021-03-30,0.0404,3996858875,MU,11.0
4,"FMR, LLC",42290128,2021-03-30,0.0377,3730412190,MU,10.0
5,"Sanders Capital, Llc",33615669,2021-03-30,0.03,2965238162,MU,8.0
6,Capital International Investors,19223000,2021-03-30,0.0171,1695660830,MU,4.0
7,Price (T.Rowe) Associates Inc,18100053,2021-03-30,0.0161,1596605675,MU,4.0
8,"Geode Capital Management, LLC",17961485,2021-03-30,0.016,1584382591,MU,4.0
9,"Arrowstreet Capital, Limited Partnership",14707734,2021-03-30,0.0131,1297369216,MU,3.0
0,"Vanguard Group, Inc. (The)",33258535,2021-03-30,0.075,17349647368,NFLX,17.0
1,Blackrock Inc.,28807148,2021-03-30,0.065,15027536825,NFLX,15.0
2,Capital Research Global Investors,28535689,2021-03-30,0.0644,14885927523,NFLX,14.0
3,Price (T.Rowe) Associates Inc,19517596,2021-03-30,0.044000000000000004,10181549129,NFLX,10.0
4,"FMR, LLC",19423985,2021-03-30,0.0438,10132716015,NFLX,10.0
5,Capital International Investors,16886545,2021-03-30,0.0381,8809035064,NFLX,8.0
6,State Street Corporation,15842738,2021-03-30,0.035699999999999996,8264522705,NFLX,8.0
7,Capital World Investors,13500195,2021-03-30,0.0304,7042511723,NFLX,7.0
8,Baillie Gifford and Company,8187881,2021-03-30,0.018500000000000003,4271290002,NFLX,4.0
9,Jennison Associates LLC,7317164,2021-03-30,0.0165,3817071772,NFLX,3.0
0,Blackrock Inc.,24527858,2021-06-29,0.0366,2826835634,NTES,21.0
1,Orbis Allan Gray Ltd,18471776,2021-06-29,0.0275,2128872184,NTES,15.0
2,Invesco Ltd.,17304927,2021-06-29,0.0258,1994392836,NTES,14.0
3,Ubs Asset Management Americas Inc,12261966,2021-06-29,0.0183,1413191581,NTES,10.0
4,"Vanguard Group, Inc. (The)",10780589,2021-06-29,0.0161,1242462882,NTES,9.0
5,Baillie Gifford and Company,8357535,2021-06-29,0.0125,963205908,NTES,7.0
6,State Street Corporation,7992271,2021-06-29,0.011899999999999999,921109232,NTES,6.0
7,JP Morgan Chase & Company,6193686,2021-06-29,0.0092,713822311,NTES,5.0
8,Massachusetts Financial Services Co.,5418779,2021-06-29,0.008100000000000001,624514279,NTES,4.0
9,Norges Bank Investment Management,4780258,2020-12-30,0.0070999999999999995,457805308,NTES,4.0
0,"Vanguard Group, Inc. (The)",193272804,2021-06-29,0.0776,38659392620,NVDA,23.0
1,"FMR, LLC",182040700,2021-06-29,0.0731,36412691017,NVDA,22.0
2,Blackrock Inc.,172398256,2021-06-29,0.0692,34483961156,NVDA,21.0
3,State Street Corporation,97607416,2021-06-29,0.0392,19523923385,NVDA,11.0
4,"Geode Capital Management, LLC",39401940,2021-06-29,0.0158,7881373048,NVDA,4.0
5,Jennison Associates LLC,29809276,2021-06-29,0.012,5962600431,NVDA,3.0
6,Northern Trust Corporation,27911040,2021-06-29,0.011200000000000002,5582905776,NVDA,3.0
7,Price (T.Rowe) Associates Inc,26696288,2021-06-29,0.010700000000000001,5339925007,NVDA,3.0
8,Bank of America Corporation,25524672,2021-06-29,0.0102,5105572516,NVDA,3.0
9,Bank Of New York Mellon Corporation,24796580,2021-06-29,0.01,4959935914,NVDA,3.0
0,"FMR, LLC",22951494,2021-06-29,0.0866,4721581345,NXPI,20.0
1,Blackrock Inc.,22687604,2021-06-29,0.08560000000000001,4667293894,NXPI,20.0
2,JP Morgan Chase & Company,12308805,2021-06-29,0.0464,2532167364,NXPI,10.0
3,"Vanguard Group, Inc. (The)",10851850,2021-06-29,0.0409,2232442582,NXPI,9.0
4,State Street Corporation,10829566,2021-06-29,0.0408,2227858317,NXPI,9.0
5,Price (T.Rowe) Associates Inc,10503085,2021-06-29,0.039599999999999996,2160694646,NXPI,9.0
6,Massachusetts Financial Services Co.,7880615,2021-06-29,0.0297,1621200117,NXPI,6.0
7,Pictet Asset Management Ltd,5487473,2021-06-29,0.0207,1128882945,NXPI,4.0
8,"Franklin Resources, Inc.",5175494,2021-06-29,0.0195,1064702625,NXPI,4.0
9,"AllianceBernstein, L.P.",4550717,2021-06-29,0.0172,936173501,NXPI,4.0
0,"Vanguard Group, Inc. (The)",12586798,2021-06-29,0.08650000000000001,3079737734,OKTA,19.0
1,Price (T.Rowe) Associates Inc,11239019,2021-06-29,0.07719999999999999,2749963168,OKTA,17.0
2,Morgan Stanley,10402399,2021-06-29,0.07150000000000001,2545258987,OKTA,16.0
3,Blackrock Inc.,10369137,2021-06-29,0.0713,2537120441,OKTA,16.0
4,"FMR, LLC",5363438,2021-06-29,0.0369,1312326009,OKTA,8.0
5,Deer VIII & Co. Ltd.,3543920,2021-06-29,0.024399999999999998,867126345,OKTA,5.0
6,State Street Corporation,2665782,2021-06-29,0.0183,652263539,OKTA,4.0
7,First Trust Advisors LP,2431047,2021-06-29,0.0167,594828579,OKTA,3.0
8,Capital International Investors,2420646,2021-06-29,0.0166,592283663,OKTA,3.0
9,"Sands Capital Management, LLC",1940214,2021-06-29,0.013300000000000001,474731561,OKTA,3.0
0,"Vanguard Group, Inc. (The)",5532539,2020-12-30,0.0791,2503861175,ORLY,21.0
1,Blackrock Inc.,5297143,2020-12-30,0.0758,2397328007,ORLY,20.0
2,JP Morgan Chase & Company,3290534,2020-12-30,0.0471,1489196972,ORLY,12.0
3,State Street Corporation,3023351,2020-12-30,0.0432,1368277962,ORLY,11.0
4,Price (T.Rowe) Associates Inc,2078156,2020-12-30,0.0297,940511060,ORLY,7.0
5,"Akre Capital Management, LLC",1839744,2020-12-30,0.0263,832612942,ORLY,6.0
6,"Principal Financial Group, Inc.",1767238,2020-12-30,0.0253,799798901,ORLY,6.0
7,"Geode Capital Management, LLC",1342950,2020-12-30,0.0192,607778881,ORLY,5.0
8,Bank of America Corporation,1125067,2020-12-30,0.0161,509171572,ORLY,4.0
9,"D1 Capital Partners, LP",996909,2020-12-30,0.0143,451171106,ORLY,3.0
0,Blackrock Inc.,30111943,2021-06-29,0.0837,3231011483,PAYX,21.0
1,"Vanguard Group, Inc. (The)",28871326,2021-06-29,0.0802,3097893279,PAYX,20.0
2,Capital International Investors,14817219,2021-06-29,0.0412,1589887598,PAYX,10.0
3,State Street Corporation,13294298,2021-06-29,0.0369,1426478175,PAYX,9.0
4,Parnassus Investments /ca,11938526,2021-06-29,0.0332,1281003839,PAYX,8.0
5,Bank Of New York Mellon Corporation,10512838,2021-06-29,0.0292,1128027517,PAYX,7.0
6,Bank of America Corporation,9105535,2021-06-29,0.0253,977023905,PAYX,6.0
7,Wells Fargo & Company,8842141,2021-06-29,0.0246,948761729,PAYX,6.0
8,"Geode Capital Management, LLC",6643334,2021-06-29,0.018500000000000003,712829738,PAYX,4.0
9,"Select Equity Group, Inc.",5692820,2021-06-29,0.0158,610839586,PAYX,4.0
0,"Vanguard Group, Inc. (The)",27797332,2021-06-29,0.0801,2480911881,PCAR,23.0
1,Blackrock Inc.,24225302,2021-06-29,0.0698,2162108203,PCAR,20.0
2,Capital World Investors,17618004,2021-06-29,0.0507,1572406857,PCAR,14.0
3,State Street Corporation,14765337,2021-06-29,0.0425,1317806327,PCAR,12.0
4,Price (T.Rowe) Associates Inc,9300209,2021-06-29,0.0268,830043653,PCAR,7.0
5,Bank of America Corporation,7588283,2021-06-29,0.0219,677254257,PCAR,6.0
6,"Geode Capital Management, LLC",6394769,2021-06-29,0.0184,570733133,PCAR,5.0
7,Northern Trust Corporation,3716015,2021-06-29,0.010700000000000001,331654338,PCAR,3.0
8,"Principal Financial Group, Inc.",3713573,2021-06-29,0.010700000000000001,331436390,PCAR,3.0
9,"Hotchkis & Wiley Capital Management, LLC",3444665,2021-06-29,0.009899999999999999,307436351,PCAR,2.0
0,Baillie Gifford and Company,27453175,2021-06-29,0.0219,3487102288,PDD,21.0
1,Blackrock Inc.,19369909,2021-06-29,0.0155,2460365841,PDD,15.0
2,"Tiger Global Management, LLC",14053066,2021-06-29,0.011200000000000002,1785020443,PDD,10.0
3,"Vanguard Group, Inc. (The)",13367842,2021-06-29,0.010700000000000001,1697983290,PDD,10.0
4,"FMR, LLC",12390841,2021-06-29,0.009899999999999999,1573884623,PDD,9.0
5,Invesco Ltd.,11955446,2021-06-29,0.0095,1518580750,PDD,9.0
6,State Street Corporation,9059536,2021-06-29,0.0072,1150742262,PDD,7.0
7,"IDG China Venture Capital Fund IV Associates, LP",8323944,2021-06-29,0.0066,1057307366,PDD,6.0
8,"HHLR Advisors, LTD",6902129,2021-06-29,0.0055000000000000005,876708425,PDD,5.0
9,Morgan Stanley,6150653,2021-06-29,0.0049,781255944,PDD,4.0
0,"Vanguard Group, Inc. (The)",22324244,2021-06-29,0.08220000000000001,2768652740,PTON,20.0
1,Baillie Gifford and Company,20256004,2021-06-29,0.0746,2512149616,PTON,19.0
2,Blackrock Inc.,15236996,2021-06-29,0.056100000000000004,1889692243,PTON,14.0
3,Capital Research Global Investors,12496952,2021-06-29,0.046,1549871987,PTON,11.0
4,"Tiger Global Management, LLC",8826164,2021-06-29,0.0325,1094620859,PTON,8.0
5,Capital World Investors,5905680,2021-06-29,0.0218,732422433,PTON,5.0
6,"FMR, LLC",5747988,2021-06-29,0.0212,712865471,PTON,5.0
7,State Street Corporation,5616654,2021-06-29,0.0207,696577429,PTON,5.0
8,"Altimeter Capital Management, LP",5200000,2021-06-29,0.0192,644904000,PTON,4.0
9,"Coatue Management, LLC",4729785,2021-06-29,0.0174,586587935,PTON,4.0
0,"Vanguard Group, Inc. (The)",92942704,2021-03-30,0.0791,22570206239,PYPL,23.0
1,Blackrock Inc.,82599745,2021-03-30,0.0703,20058522075,PYPL,20.0
2,"FMR, LLC",44994435,2021-03-30,0.0383,10926448595,PYPL,11.0
3,State Street Corporation,44618456,2021-03-30,0.038,10835145855,PYPL,11.0
4,Price (T.Rowe) Associates Inc,32518287,2021-03-30,0.0277,7896740815,PYPL,8.0
5,"Comprehensive Financial Management, LLC",31282208,2021-03-30,0.026600000000000002,7596571390,PYPL,7.0
6,Capital World Investors,26840955,2021-03-30,0.022799999999999997,6518057512,PYPL,6.0
7,"Geode Capital Management, LLC",18116830,2021-03-30,0.0154,4399490997,PYPL,4.0
8,JP Morgan Chase & Company,14782666,2021-03-30,0.0126,3589822611,PYPL,3.0
9,Nuveen Asset Management,13479928,2021-03-30,0.0115,3273465715,PYPL,3.0
0,"Vanguard Group, Inc. (The)",119900512,2021-03-30,0.08539999999999999,16959927422,PEP,29.0
1,Blackrock Inc.,100256642,2021-03-30,0.07139999999999999,14181302010,PEP,24.0
2,State Street Corporation,57615246,2021-03-30,0.040999999999999995,8149676546,PEP,14.0
3,Bank of America Corporation,23873646,2021-03-30,0.017,3376927226,PEP,5.0
4,"Geode Capital Management, LLC",21779607,2021-03-30,0.0155,3080725410,PEP,5.0
5,"Wellington Management Group, LLP",18825732,2021-03-30,0.0134,2662899791,PEP,4.0
6,Northern Trust Corporation,17989139,2021-03-30,0.0128,2544563711,PEP,4.0
7,Bank Of New York Mellon Corporation,17310697,2021-03-30,0.0123,2448598090,PEP,4.0
8,Magellan Asset Management Ltd,16613014,2021-03-30,0.0118,2349910830,PEP,4.0
9,JP Morgan Chase & Company,14487564,2021-03-30,0.0103,2049265927,PEP,3.0
0,"Vanguard Group, Inc. (The)",102838530,2021-06-29,0.09119999999999999,14698711092,QCOM,27.0
1,Blackrock Inc.,80250408,2021-06-29,0.0711,11470190815,QCOM,21.0
2,State Street Corporation,47506647,2021-06-29,0.0421,6790125055,QCOM,12.0
3,"FMR, LLC",46198365,2021-06-29,0.040999999999999995,6603132309,QCOM,12.0
4,Price (T.Rowe) Associates Inc,21355855,2021-06-29,0.0189,3052392355,QCOM,5.0
5,"Geode Capital Management, LLC",18017712,2021-06-29,0.016,2575271576,QCOM,4.0
6,Invesco Ltd.,16241028,2021-06-29,0.0144,2321330132,QCOM,4.0
7,Bank of America Corporation,15633328,2021-06-29,0.0139,2234471571,QCOM,4.0
8,Bank Of New York Mellon Corporation,15180842,2021-06-29,0.013500000000000002,2169797747,QCOM,4.0
9,Northern Trust Corporation,14968683,2021-06-29,0.013300000000000001,2139473861,QCOM,3.0
0,"FMR, LLC",10910694,2021-06-29,0.1038,6094059026,REGN,21.0
1,Blackrock Inc.,9033550,2021-06-29,0.0859,5045599017,REGN,17.0
2,"Vanguard Group, Inc. (The)",7969660,2021-06-29,0.0758,4451373896,REGN,15.0
3,Capital World Investors,5307957,2021-06-29,0.050499999999999996,2964706302,REGN,10.0
4,State Street Corporation,4516716,2021-06-29,0.043,2522766554,REGN,8.0
5,"Wellington Management Group, LLP",4057382,2021-06-29,0.038599999999999995,2266210142,REGN,7.0
6,JP Morgan Chase & Company,3788393,2021-06-29,0.036000000000000004,2115969026,REGN,7.0
7,"Loomis Sayles & Company, LP",2754224,2021-06-29,0.0262,1538344272,REGN,5.0
8,"Geode Capital Management, LLC",1708000,2021-06-29,0.0163,953986320,REGN,3.0
9,Harris Associates L.P.,1445053,2021-06-29,0.0137,807119902,REGN,2.0
0,Price (T.Rowe) Associates Inc,52499215,2021-06-29,0.1477,6509902660,ROST,31.0
1,"Vanguard Group, Inc. (The)",27263685,2021-06-29,0.0767,3380696940,ROST,16.0
2,Blackrock Inc.,27112738,2021-06-29,0.07629999999999999,3361979512,ROST,16.0
3,State Street Corporation,15947899,2021-06-29,0.0449,1977539476,ROST,9.0
4,Primecap Management Company,11454649,2021-06-29,0.0322,1420376476,ROST,6.0
5,"FMR, LLC",10638168,2021-06-29,0.029900000000000003,1319132832,ROST,6.0
6,"Franklin Resources, Inc.",7859776,2021-06-29,0.022099999999999998,974612224,ROST,4.0
7,"Geode Capital Management, LLC",5452426,2021-06-29,0.015300000000000001,676100824,ROST,3.0
8,"Wellington Management Group, LLP",4572785,2021-06-29,0.0129,567025340,ROST,2.0
9,Victory Capital Management Inc.,4278980,2021-06-29,0.012,530593520,ROST,2.0
0,Blackrock Inc.,80556355,2021-06-29,0.0199,526838561,SIRI,24.0
1,"Vanguard Group, Inc. (The)",73986138,2021-06-29,0.0183,483869342,SIRI,22.0
2,"Berkshire Hathaway, Inc",43658800,2021-06-29,0.0108,285528552,SIRI,13.0
3,State Street Corporation,28997211,2021-06-29,0.0072,189641759,SIRI,8.0
4,"DSM Capital Partners, LLC",27413504,2021-06-29,0.0068000000000000005,179284316,SIRI,8.0
5,"Geode Capital Management, LLC",18755013,2021-06-29,0.0046,122657785,SIRI,5.0
6,"Arrowstreet Capital, Limited Partnership",17446232,2021-06-29,0.0043,114098357,SIRI,5.0
7,"Goldman Sachs Group, Inc.",14637052,2021-06-29,0.0036,95726320,SIRI,4.0
8,Norges Bank Investment Management,12037794,2020-12-30,0.003,76680747,SIRI,3.0
9,Northern Trust Corporation,8148131,2021-06-29,0.002,53288776,SIRI,2.0
0,"Baker Brothers Advisors, LLC",47288259,2021-06-29,0.25989999999999996,7465870330,SGEN,39.0
1,Capital International Investors,15810865,2021-06-29,0.08689999999999999,2496219366,SGEN,13.0
2,Blackrock Inc.,12022916,2021-06-29,0.0661,1898177978,SGEN,10.0
3,"Vanguard Group, Inc. (The)",11935558,2021-06-29,0.06559999999999999,1884385897,SGEN,10.0
4,"Wellington Management Group, LLP",10527684,2021-06-29,0.0579,1662110749,SGEN,8.0
5,Price (T.Rowe) Associates Inc,6790105,2021-06-29,0.0373,1072021777,SGEN,5.0
6,Primecap Management Company,4901420,2021-06-29,0.0269,773836189,SGEN,4.0
7,JP Morgan Chase & Company,4504095,2021-06-29,0.0248,711106518,SGEN,3.0
8,State Street Corporation,3216653,2021-06-29,0.0177,507845175,SGEN,2.0
9,"Geode Capital Management, LLC",1637691,2021-06-29,0.009000000000000001,258558655,SGEN,1.0
0,Price (T.Rowe) Associates Inc,18154014,2021-06-29,0.1124,2624707344,SPLK,24.0
1,"Vanguard Group, Inc. (The)",14612153,2021-06-29,0.09050000000000001,2112625080,SPLK,19.0
2,Blackrock Inc.,10410430,2021-06-29,0.0644,1505139969,SPLK,14.0
3,Primecap Management Company,6867151,2021-06-29,0.0425,992852691,SPLK,9.0
4,"ClearBridge Investments, LLC",5504526,2021-06-29,0.0341,795844369,SPLK,7.0
5,State Street Corporation,4600229,2021-06-29,0.0285,665101108,SPLK,6.0
6,Pictet Asset Management Ltd,4469656,2021-06-29,0.0277,646222864,SPLK,6.0
7,"Goldman Sachs Group, Inc.",3867238,2021-06-29,0.0239,559125270,SPLK,5.0
8,Norges Bank Investment Management,3029737,2020-12-30,0.018799999999999997,514722018,SPLK,4.0
9,First Trust Advisors LP,2772724,2021-06-29,0.0172,400880435,SPLK,3.0
0,"Vanguard Group, Inc. (The)",17716534,2021-06-29,0.1073,3397145394,SWKS,28.0
1,Blackrock Inc.,15215030,2021-06-29,0.09210000000000002,2917482002,SWKS,24.0
2,State Street Corporation,7381129,2021-06-29,0.0447,1415331485,SWKS,12.0
3,Price (T.Rowe) Associates Inc,3934924,2021-06-29,0.023799999999999998,754521677,SWKS,6.0
4,"Vulcan Value Partners, LLC",3817307,2021-06-29,0.0231,731968617,SWKS,6.0
5,"FMR, LLC",3631307,2021-06-29,0.022000000000000002,696303117,SWKS,5.0
6,"Geode Capital Management, LLC",3030016,2021-06-29,0.0183,581005568,SWKS,4.0
7,Bank Of New York Mellon Corporation,2548444,2021-06-29,0.0154,488664137,SWKS,4.0
8,Northern Trust Corporation,2172405,2021-06-29,0.0132,416558658,SWKS,3.0
9,Lazard Asset Management LLC,2020685,2021-06-29,0.012199999999999999,387466348,SWKS,3.0
0,"Vanguard Group, Inc. (The)",97136962,2021-06-29,0.0824,10860883721,SBUX,28.0
1,Blackrock Inc.,75012726,2021-06-29,0.0636,8387172894,SBUX,21.0
2,State Street Corporation,46965699,2021-06-29,0.0398,5251234805,SBUX,13.0
3,Magellan Asset Management Ltd,29877559,2021-06-29,0.0253,3340609871,SBUX,8.0
4,"Geode Capital Management, LLC",19545995,2021-06-29,0.0166,2185437700,SBUX,5.0
5,Northern Trust Corporation,18132834,2021-06-29,0.0154,2027432169,SBUX,5.0
6,Bank of America Corporation,16987479,2021-06-29,0.0144,1899370026,SBUX,4.0
7,"Polen Capital Management, LLC",14802150,2021-06-29,0.0126,1655028391,SBUX,4.0
8,Royal Bank of Canada,13889563,2021-06-29,0.0118,1552992039,SBUX,4.0
9,"Loomis Sayles & Company, LP",13485141,2021-06-29,0.011399999999999999,1507773615,SBUX,3.0
0,"Vanguard Group, Inc. (The)",16935409,2021-06-29,0.111,4670616448,SNPS,25.0
1,Blackrock Inc.,12666020,2021-06-29,0.08310000000000001,3493161655,SNPS,18.0
2,Price (T.Rowe) Associates Inc,9773328,2021-06-29,0.0641,2695386129,SNPS,14.0
3,State Street Corporation,6257664,2021-06-29,0.040999999999999995,1725801154,SNPS,9.0
4,JP Morgan Chase & Company,5390769,2021-06-29,0.0353,1486720182,SNPS,8.0
5,"Franklin Resources, Inc.",3755616,2021-06-29,0.0246,1035761336,SNPS,5.0
6,Pictet Asset Management Ltd,3621800,2021-06-29,0.023700000000000002,998856222,SNPS,5.0
7,"Geode Capital Management, LLC",2905793,2021-06-29,0.0191,801388651,SNPS,4.0
8,"FMR, LLC",2744124,2021-06-29,0.018000000000000002,756801957,SNPS,4.0
9,Alkeon Capital Management LLC,2707581,2021-06-29,0.0178,746723763,SNPS,4.0
0,Norges Bank Investment Management,54303976,2020-12-30,0.0852,1831673110,TCOM,22.0
1,Morgan Stanley,45175053,2021-06-29,0.0709,1601907379,TCOM,18.0
2,Price (T.Rowe) Associates Inc,33766750,2021-06-29,0.053,1197368955,TCOM,14.0
3,Blackrock Inc.,21368460,2021-06-29,0.0335,757725591,TCOM,8.0
4,"Vanguard Group, Inc. (The)",18386894,2021-06-29,0.0288,651999261,TCOM,7.0
5,"Wellington Management Group, LLP",17580532,2021-06-29,0.0276,623405664,TCOM,7.0
6,Credit Suisse AG,14686316,2021-06-29,0.023,520776765,TCOM,6.0
7,FIL LTD,13550982,2021-06-29,0.0213,480517821,TCOM,5.0
8,Capital International Investors,11301830,2021-06-29,0.0177,400762891,TCOM,4.0
9,State Street Corporation,9514286,2021-06-29,0.0149,337376581,TCOM,3.0
0,"Vanguard Group, Inc. (The)",58596739,2021-03-30,0.0608,39138519880,TSLA,23.0
1,Blackrock Inc.,50242363,2021-03-30,0.052199999999999996,33558381518,TSLA,20.0
2,Capital World Investors,40925678,2021-03-30,0.0425,27335488106,TSLA,16.0
3,State Street Corporation,29430587,2021-03-30,0.030600000000000002,19657571974,TSLA,12.0
4,Baillie Gifford and Company,16216060,2021-03-30,0.0168,10831192955,TSLA,6.0
5,"Geode Capital Management, LLC",11971355,2021-03-30,0.0124,7996027145,TSLA,4.0
6,Jennison Associates LLC,10739998,2021-03-30,0.0111,7173566864,TSLA,4.0
7,"FMR, LLC",10708950,2021-03-30,0.0111,7152828973,TSLA,4.0
8,Northern Trust Corporation,8262415,2021-03-30,0.0086,5518714850,TSLA,3.0
9,Norges Bank Investment Management,7790070,2020-12-30,0.008100000000000001,5497218696,TSLA,3.0
0,"Vanguard Group, Inc. (The)",83889579,2021-06-29,0.0909,16131966041,TXN,24.0
1,Blackrock Inc.,71027719,2021-06-29,0.07690000000000001,13658630363,TXN,21.0
2,State Street Corporation,39023751,2021-06-29,0.042300000000000004,7504267317,TXN,11.0
3,JP Morgan Chase & Company,23412465,2021-06-29,0.0254,4502217019,TXN,6.0
4,Bank of America Corporation,23198776,2021-06-29,0.025099999999999997,4461124624,TXN,6.0
5,Bank Of New York Mellon Corporation,21966052,2021-06-29,0.023799999999999998,4224071799,TXN,6.0
6,Primecap Management Company,19703319,2021-06-29,0.0213,3788948243,TXN,5.0
7,"Wellington Management Group, LLP",18998059,2021-06-29,0.0206,3653326745,TXN,5.0
8,Massachusetts Financial Services Co.,18794346,2021-06-29,0.0204,3614152735,TXN,5.0
9,"Geode Capital Management, LLC",16698271,2021-06-29,0.0181,3211077513,TXN,4.0
0,Softbank Group Corporation,106291623,2021-06-29,0.0852,15394215759,TMUS,32.0
1,"Vanguard Group, Inc. (The)",43181915,2021-06-29,0.0346,6254036749,TMUS,13.0
2,Blackrock Inc.,40686690,2021-06-29,0.0326,5892653312,TMUS,12.0
3,"FMR, LLC",37069856,2021-06-29,0.0297,5368827244,TMUS,11.0
4,State Street Corporation,24864777,2021-06-29,0.0199,3601165652,TMUS,7.0
5,Price (T.Rowe) Associates Inc,23637420,2021-06-29,0.0189,3423407538,TMUS,7.0
6,Norges Bank Investment Management,22341262,2020-12-30,0.0179,3012719180,TMUS,6.0
7,Dodge & Cox Inc,11324513,2021-06-29,0.0091,1640129217,TMUS,3.0
8,"Geode Capital Management, LLC",10300232,2021-06-29,0.0083,1491782600,TMUS,3.0
9,"Neuberger Berman Group, LLC",8334601,2021-06-29,0.0067,1207100262,TMUS,2.0
0,"Berkshire Hathaway, Inc",12815613,2021-06-29,0.11460000000000001,2917986923,VRSN,22.0
1,"Vanguard Group, Inc. (The)",10442986,2021-06-29,0.0933,2377763482,VRSN,18.0
2,Blackrock Inc.,8968891,2021-06-29,0.0802,2042126791,VRSN,15.0
3,Capital International Investors,5797927,2021-06-29,0.0518,1320129998,VRSN,10.0
4,"Renaissance Technologies, LLC",4841290,2021-06-29,0.0433,1102313320,VRSN,8.0
5,State Street Corporation,3899710,2021-06-29,0.0349,887924969,VRSN,6.0
6,Ninety One UK Ltd,3277233,2021-06-29,0.029300000000000003,746193181,VRSN,5.0
7,Price (T.Rowe) Associates Inc,2864127,2021-06-29,0.0256,652133076,VRSN,4.0
8,"Principal Financial Group, Inc.",2739498,2021-06-29,0.0245,623756299,VRSN,4.0
9,"Geode Capital Management, LLC",2053190,2021-06-29,0.0184,467490831,VRSN,3.0
0,"Vanguard Group, Inc. (The)",16971053,2021-06-29,0.1052,2965182380,VRSK,27.0
1,Blackrock Inc.,11351441,2021-06-29,0.0704,1983323771,VRSK,18.0
2,Massachusetts Financial Services Co.,7207774,2021-06-29,0.0447,1259342273,VRSK,11.0
3,State Street Corporation,6863173,2021-06-29,0.0425,1199133586,VRSK,11.0
4,"AllianceBernstein, L.P.",3852848,2021-06-29,0.0239,673169602,VRSK,6.0
5,Price (T.Rowe) Associates Inc,3393512,2021-06-29,0.021,592914416,VRSK,5.0
6,"FMR, LLC",3291954,2021-06-29,0.0204,575170202,VRSK,5.0
7,"Geode Capital Management, LLC",3019317,2021-06-29,0.0187,527535066,VRSK,4.0
8,Flossbach von Storch AG,2959725,2021-06-29,0.0183,517123152,VRSK,4.0
9,"Franklin Resources, Inc.",2763155,2021-06-29,0.0171,482778441,VRSK,4.0
0,Blackrock Inc.,23360089,2021-06-29,0.09,4710094745,VRTX,21.0
1,"Vanguard Group, Inc. (The)",20249218,2021-06-29,0.0781,4082849825,VRTX,18.0
2,Price (T.Rowe) Associates Inc,13098492,2021-06-29,0.050499999999999996,2641048941,VRTX,11.0
3,State Street Corporation,11705823,2021-06-29,0.0451,2360245091,VRTX,10.0
4,Capital World Investors,11015378,2021-06-29,0.0425,2221030666,VRTX,10.0
5,"Wellington Management Group, LLP",8295689,2021-06-29,0.032,1672659773,VRTX,7.0
6,"AllianceBernstein, L.P.",6378432,2021-06-29,0.0246,1286083244,VRTX,5.0
7,"FMR, LLC",5834063,2021-06-29,0.0225,1176322122,VRTX,5.0
8,"ClearBridge Investments, LLC",4982594,2021-06-29,0.0192,1004640428,VRTX,4.0
9,Capital International Investors,4549003,2021-06-29,0.0175,917215474,VRTX,4.0
0,"Vanguard Group, Inc. (The)",58320795,2021-03-30,0.0675,3201811645,WBA,23.0
1,Blackrock Inc.,56869775,2021-03-30,0.0658,3122150647,WBA,23.0
2,State Street Corporation,44862094,2021-03-30,0.0519,2462928960,WBA,18.0
3,Capital World Investors,21387237,2021-03-30,0.024700000000000003,1174159311,WBA,8.0
4,"FMR, LLC",15923521,2021-03-30,0.0184,874201302,WBA,6.0
5,"Geode Capital Management, LLC",11415810,2021-03-30,0.0132,626727969,WBA,4.0
6,"Aristotle Capital Management, LLC",9420509,2021-03-30,0.0109,517185944,WBA,3.0
7,Northern Trust Corporation,8857094,2021-03-30,0.0102,486254460,WBA,3.0
8,Bank Of New York Mellon Corporation,8310363,2021-03-30,0.0096,456238928,WBA,3.0
9,Dimensional Fund Advisors LP,7954325,2021-03-30,0.0092,436692442,WBA,3.0
0,"Vanguard Group, Inc. (The)",11592653,2021-06-29,0.0738,2767629977,WDAY,17.0
1,Blackrock Inc.,10291949,2021-06-29,0.06559999999999999,2457099904,WDAY,15.0
2,Baillie Gifford and Company,10037462,2021-06-29,0.0639,2396343677,WDAY,14.0
3,"Wellington Management Group, LLP",7162589,2021-06-29,0.045599999999999995,1709996497,WDAY,10.0
4,Price (T.Rowe) Associates Inc,6870720,2021-06-29,0.0438,1640315692,WDAY,10.0
5,"FMR, LLC",4602525,2021-06-29,0.029300000000000003,1098806818,WDAY,6.0
6,Morgan Stanley,4253904,2021-06-29,0.0271,1015577040,WDAY,6.0
7,JP Morgan Chase & Company,4227550,2021-06-29,0.0269,1009285287,WDAY,6.0
8,"Tiger Global Management, LLC",4127450,2021-06-29,0.0263,985387413,WDAY,6.0
9,State Street Corporation,4025569,2021-06-29,0.0256,961064343,WDAY,5.0
0,Blackrock Inc.,47707627,2021-03-30,0.0928,3173034271,XEL,19.0
1,"Vanguard Group, Inc. (The)",47625363,2021-03-30,0.0926,3167562893,XEL,19.0
2,JP Morgan Chase & Company,37619013,2021-03-30,0.0732,2502040554,XEL,15.0
3,Magellan Asset Management Ltd,35843484,2021-03-30,0.0697,2383950120,XEL,14.0
4,State Street Corporation,26634296,2021-03-30,0.0518,1771447026,XEL,10.0
5,Capital World Investors,13504769,2021-03-30,0.0263,898202186,XEL,5.0
6,Capital International Investors,10077017,2021-03-30,0.0196,670222400,XEL,4.0
7,"Geode Capital Management, LLC",9933491,2021-03-30,0.019299999999999998,660676486,XEL,4.0
8,Massachusetts Financial Services Co.,7856771,2021-03-30,0.015300000000000001,522553839,XEL,3.0
9,Wells Fargo & Company,6714281,2021-03-30,0.0131,446566829,XEL,2.0
0,"Vanguard Group, Inc. (The)",26473823,2021-06-29,0.107,3829173758,XLNX,30.0
1,Blackrock Inc.,20719105,2021-06-29,0.0837,2996811347,XLNX,24.0
2,State Street Corporation,11639081,2021-06-29,0.047,1683476675,XLNX,13.0
3,"AllianceBernstein, L.P.",6623601,2021-06-29,0.0268,958037648,XLNX,7.0
4,"Geode Capital Management, LLC",4400048,2021-06-29,0.0178,636422942,XLNX,5.0
5,Price (T.Rowe) Associates Inc,4133240,2021-06-29,0.0167,597831833,XLNX,4.0
6,Canada Pension Plan Investment Board,2997982,2021-06-29,0.0121,433628116,XLNX,3.0
7,Northern Trust Corporation,2971992,2021-06-29,0.012,429868922,XLNX,3.0
8,Norges Bank Investment Management,2929992,2020-12-30,0.0118,415384965,XLNX,3.0
9,"Franklin Resources, Inc.",2823246,2021-06-29,0.011399999999999999,408354301,XLNX,3.0
0,Price (T.Rowe) Associates Inc,12537274,2021-03-30,0.0529,4028100763,ZM,17.0
1,"Vanguard Group, Inc. (The)",12402941,2021-03-30,0.0524,3984940913,ZM,17.0
2,Morgan Stanley,11642461,2021-03-30,0.0492,3740606294,ZM,16.0
3,Blackrock Inc.,11251610,2021-03-30,0.0475,3615029776,ZM,16.0
4,Baillie Gifford and Company,8100660,2021-03-30,0.0342,2602661051,ZM,11.0
5,State Street Corporation,3927768,2021-03-30,0.0166,1261952580,ZM,5.0
6,"ARK Investment Management, LLC",3002347,2021-03-30,0.0127,964624067,ZM,4.0
7,"Renaissance Technologies, LLC",2520863,2021-03-30,0.0106,809928073,ZM,3.0
8,"Tiger Global Management, LLC",2450204,2021-03-30,0.0103,787226043,ZM,3.0
9,"Geode Capital Management, LLC",2369440,2021-03-30,0.01,761277377,ZM,3.0
